{"type":"FeatureCollection","features":[{"type":"Feature","properties":{"name":"さいたま市 都市計画区域の外周","src":"PLATEAU udx/urf urf:UrbanPlanningArea"},"geometry":{"type":"MultiLineString","coordinates":[[[139.694667,36.00191],[139.694699,36.00194],[139.695065,36.002288],[139.695193,36.00241],[139.695203,36.002419],[139.695328,36.002305],[139.695438,36.002204],[139.695499,36.002148],[139.695593,36.002062],[139.695633,36.002025],[139.695728,36.001939],[139.695836,36.001842],[139.695921,36.001764],[139.69598,36.001867],[139.696004,36.001906],[139.696046,36.001975],[139.696108,36.001951],[139.69618,36.001871],[139.69623,36.001777],[139.696241,36.001756],[139.696407,36.001613],[139.696582,36.001389],[139.696818,36.001087],[139.696804,36.001079],[139.696897,36.000967],[139.696575,36.00077],[139.696659,36.000703],[139.696787,36.000603],[139.696982,36.000449],[139.697007,36.000431],[139.697026,36.000418],[139.697161,36.000325],[139.697182,36.000312],[139.697364,36.0002],[139.697418,36.000203],[139.69744,36.000194],[139.697462,36.000182],[139.697572,36.00011],[139.697614,36.000082],[139.697694,36.000029],[139.69771,36.000014],[139.697834,35.999891],[139.697859,35.999866],[139.697925,35.999797],[139.697981,35.999739],[139.698036,35.999688],[139.698061,35.999666],[139.698107,35.999626],[139.698158,35.999578],[139.698185,35.999553],[139.698231,35.99952],[139.698282,35.999484],[139.698396,35.999403],[139.698541,35.999299],[139.698594,35.999262],[139.698655,35.999218],[139.698663,35.999213],[139.698783,35.999128],[139.698898,35.999047],[139.699,35.998975],[139.699185,35.998844],[139.69927,35.998785],[139.699278,35.998775],[139.699361,35.998669],[139.699446,35.99857],[139.699453,35.99856],[139.699619,35.998323],[139.69963,35.998308],[139.699672,35.998249],[139.699686,35.998225],[139.699699,35.998203],[139.699709,35.998186],[139.699737,35.998137],[139.699745,35.998123],[139.699763,35.998092],[139.699784,35.998071],[139.699795,35.998059],[139.699842,35.998011],[139.699882,35.998041],[139.699937,35.998067],[139.700101,35.998086],[139.700234,35.998105],[139.700311,35.998093],[139.700543,35.998059],[139.700718,35.998033],[139.700838,35.998016],[139.700866,35.998012],[139.700892,35.998007],[139.700895,35.998007],[139.700957,35.997995],[139.700994,35.997988],[139.701207,35.997949],[139.70123,35.997944],[139.701231,35.998014],[139.701241,35.998085],[139.701263,35.998271],[139.701296,35.998261],[139.701306,35.998258],[139.701378,35.998236],[139.701534,35.998196],[139.70178,35.998132],[139.701838,35.998117],[139.701902,35.998101],[139.701967,35.998085],[139.701985,35.99808],[139.702044,35.998066],[139.702069,35.998059],[139.702199,35.998021],[139.702315,35.997986],[139.702429,35.997953],[139.702545,35.997921],[139.702611,35.997902],[139.702681,35.997883],[139.702727,35.99787],[139.702819,35.997836],[139.702962,35.997788],[139.703124,35.997733],[139.703152,35.997718],[139.703273,35.997657],[139.703366,35.997605],[139.703434,35.997567],[139.703458,35.99755],[139.703509,35.997512],[139.703531,35.997495],[139.703534,35.997493],[139.703592,35.997455],[139.703633,35.997429],[139.703666,35.99741],[139.70383,35.997317],[139.704014,35.997211],[139.704203,35.997103],[139.704219,35.997094],[139.704381,35.997005],[139.704457,35.996963],[139.704571,35.9969],[139.704727,35.996807],[139.704893,35.99671],[139.70505,35.996617],[139.705154,35.996548],[139.705345,35.996473],[139.705593,35.996375],[139.70584,35.996278],[139.705863,35.996269],[139.705954,35.996234],[139.705983,35.9962],[139.706128,35.996134],[139.706246,35.996079],[139.706272,35.996062],[139.706437,35.995953],[139.706473,35.995917],[139.706503,35.995888],[139.706608,35.995783],[139.706918,35.99557],[139.706936,35.995557],[139.706999,35.995512],[139.707047,35.995473],[139.7071,35.995438],[139.707155,35.995401],[139.707198,35.995373],[139.707218,35.995361],[139.707245,35.995346],[139.707353,35.995281],[139.707451,35.995222],[139.707477,35.995207],[139.707516,35.995183],[139.707531,35.995174],[139.707546,35.995165],[139.707636,35.995266],[139.707794,35.995455],[139.707824,35.99549],[139.70808,35.995196],[139.70809,35.995173],[139.708104,35.994997],[139.708117,35.994887],[139.70814,35.994816],[139.708182,35.99473],[139.708225,35.994671],[139.708275,35.994623],[139.708328,35.994584],[139.708356,35.994572],[139.708388,35.994563],[139.708439,35.994557],[139.708611,35.994564],[139.708823,35.994569],[139.708947,35.994573],[139.709006,35.994578],[139.70917,35.994609],[139.70927,35.994645],[139.709342,35.994684],[139.709396,35.994724],[139.709435,35.994773],[139.709446,35.994822],[139.709459,35.994853],[139.709532,35.994971],[139.709666,35.995129],[139.709741,35.995163],[139.709914,35.995161],[139.710123,35.99517],[139.710239,35.995177],[139.710364,35.99513],[139.710338,35.995091],[139.709773,35.994257],[139.709763,35.994262],[139.709523,35.993909],[139.709506,35.993884],[139.709521,35.993881],[139.709571,35.993873],[139.709659,35.993859],[139.710203,35.993772],[139.710187,35.993756],[139.710247,35.99374],[139.710303,35.993715],[139.710399,35.993672],[139.710407,35.993669],[139.710474,35.993639],[139.710561,35.99359],[139.710666,35.993531],[139.710691,35.993516],[139.710825,35.993437],[139.710861,35.993415],[139.710945,35.993368],[139.711051,35.993308],[139.711108,35.993258],[139.711112,35.993254],[139.711246,35.993178],[139.711333,35.993141],[139.71156,35.993001],[139.711706,35.992911],[139.711874,35.992807],[139.711946,35.992766],[139.711983,35.992746],[139.712038,35.992716],[139.712058,35.992704],[139.7121,35.992681],[139.71215,35.992653],[139.712214,35.992617],[139.712254,35.992595],[139.712277,35.992582],[139.712307,35.992566],[139.712336,35.99255],[139.712384,35.992527],[139.712438,35.992502],[139.71248,35.992482],[139.712528,35.992459],[139.712627,35.992413],[139.712817,35.992334],[139.712823,35.992332],[139.712843,35.992321],[139.71293,35.992288],[139.712942,35.992283],[139.71302,35.992251],[139.713097,35.992223],[139.713155,35.992202],[139.713275,35.992155],[139.713307,35.992143],[139.713418,35.992101],[139.713598,35.992034],[139.713761,35.991975],[139.713796,35.991963],[139.713936,35.991911],[139.713987,35.991892],[139.714092,35.991854],[139.714235,35.991801],[139.71436,35.991756],[139.714503,35.991704],[139.714605,35.991666],[139.71472,35.991624],[139.714743,35.991615],[139.714841,35.991577],[139.714972,35.99153],[139.715084,35.991489],[139.715189,35.991451],[139.715286,35.991415],[139.715433,35.991362],[139.715564,35.991314],[139.71564,35.991287],[139.715675,35.991274],[139.71569,35.991268],[139.715721,35.991255],[139.715729,35.99125],[139.71574,35.991242],[139.715844,35.991148],[139.715867,35.991182],[139.71586,35.991189],[139.715872,35.991189],[139.71642,35.991989],[139.716414,35.992008],[139.716439,35.992042],[139.717301,35.991681],[139.717484,35.99153],[139.717553,35.991484],[139.717632,35.991455],[139.717724,35.991444],[139.717741,35.991442],[139.717845,35.991439],[139.717911,35.99144],[139.718397,35.991439],[139.718522,35.991439],[139.718587,35.991446],[139.718607,35.991409],[139.718848,35.991179],[139.718707,35.991116],[139.718688,35.991104],[139.718674,35.991084],[139.718663,35.991069],[139.718658,35.991063],[139.718649,35.991049],[139.71866,35.991044],[139.718721,35.991016],[139.71873,35.991012],[139.7194,35.990712],[139.719429,35.9907],[139.718933,35.989966],[139.719274,35.989812],[139.719477,35.989719],[139.719605,35.989661],[139.71945,35.989434],[139.719429,35.989402],[139.719483,35.989373],[139.719625,35.989295],[139.719762,35.989221],[139.71988,35.989156],[139.719874,35.989147],[139.719871,35.989142],[139.719862,35.98913],[139.719898,35.989115],[139.720011,35.98907],[139.720761,35.98865],[139.721669,35.988106],[139.721791,35.988013],[139.722161,35.987687],[139.722298,35.987553],[139.722433,35.98741],[139.722502,35.987344],[139.722604,35.987263],[139.722761,35.987156],[139.722935,35.987006],[139.723028,35.986923],[139.723231,35.986751],[139.723431,35.986582],[139.723623,35.986408],[139.723865,35.986189],[139.724084,35.986009],[139.724212,35.985898],[139.724383,35.985768],[139.724454,35.985718],[139.724743,35.985526],[139.7249,35.985416],[139.725149,35.985228],[139.725323,35.985104],[139.725774,35.984783],[139.725802,35.984765],[139.725672,35.9847],[139.725682,35.984694],[139.72569,35.984689],[139.725733,35.984663],[139.725782,35.984634],[139.725816,35.984614],[139.725666,35.984568],[139.725477,35.984496],[139.725323,35.984433],[139.725318,35.98443],[139.725149,35.984356],[139.725242,35.984257],[139.725272,35.984232],[139.725314,35.984202],[139.725324,35.984193],[139.725327,35.98419],[139.725402,35.984106],[139.725388,35.984097],[139.725408,35.984076],[139.725424,35.984056],[139.725494,35.983952],[139.725531,35.983877],[139.72552,35.983872],[139.725528,35.98386],[139.725555,35.983787],[139.725579,35.983689],[139.725607,35.983359],[139.725624,35.983334],[139.725669,35.983175],[139.725713,35.98302],[139.725739,35.98301],[139.725782,35.982924],[139.725815,35.982887],[139.725819,35.982882],[139.72584,35.982835],[139.725849,35.982807],[139.725729,35.982683],[139.725673,35.982613],[139.725672,35.982598],[139.725672,35.982581],[139.725667,35.982556],[139.725661,35.982495],[139.72566,35.982457],[139.725672,35.982368],[139.725678,35.982349],[139.725807,35.982114],[139.725846,35.982051],[139.725915,35.98197],[139.725944,35.981937],[139.725967,35.98192],[139.726008,35.981908],[139.726301,35.981913],[139.726692,35.982383],[139.726715,35.982373],[139.726735,35.982364],[139.726788,35.982341],[139.726876,35.982302],[139.726893,35.982294],[139.726816,35.982133],[139.726712,35.981981],[139.726688,35.981943],[139.726676,35.9819],[139.726663,35.981807],[139.726653,35.981645],[139.726597,35.981518],[139.726522,35.981352],[139.726474,35.981263],[139.726344,35.981163],[139.726289,35.981093],[139.726237,35.981012],[139.726236,35.981],[139.726239,35.980592],[139.726232,35.980521],[139.72621,35.980439],[139.7262,35.980413],[139.725788,35.979892],[139.72575,35.979819],[139.725741,35.979783],[139.725729,35.979595],[139.72566,35.9793],[139.725488,35.979051],[139.725387,35.978862],[139.725334,35.978712],[139.725331,35.978702],[139.725277,35.978526],[139.725284,35.978342],[139.725298,35.978189],[139.725293,35.978025],[139.725264,35.977914],[139.725234,35.977799],[139.725192,35.977709],[139.724913,35.977292],[139.724739,35.976876],[139.72469,35.976728],[139.724679,35.97671],[139.724669,35.976695],[139.724663,35.976686],[139.724656,35.97668],[139.724637,35.976663],[139.72455,35.976584],[139.724479,35.976531],[139.724369,35.976499],[139.724119,35.976109],[139.724079,35.97605],[139.724063,35.975994],[139.724024,35.975843],[139.72401,35.975771],[139.724001,35.975651],[139.723994,35.975584],[139.723996,35.975496],[139.724012,35.975348],[139.724024,35.97527],[139.724041,35.975131],[139.724056,35.975006],[139.724074,35.974933],[139.724099,35.974826],[139.724107,35.974779],[139.724177,35.974584],[139.724191,35.974543],[139.72426,35.974408],[139.724306,35.974319],[139.724357,35.974192],[139.724376,35.974092],[139.724409,35.974003],[139.724602,35.973423],[139.724647,35.973299],[139.724653,35.973283],[139.724723,35.973108],[139.724747,35.973002],[139.724859,35.972674],[139.725053,35.972313],[139.725108,35.97221],[139.725327,35.971948],[139.72534,35.971922],[139.725596,35.971438],[139.725635,35.971364],[139.725649,35.971342],[139.725663,35.971307],[139.725668,35.971275],[139.725661,35.97127],[139.725639,35.971255],[139.725601,35.971229],[139.725509,35.971191],[139.725415,35.971234],[139.725396,35.971259],[139.725387,35.971381],[139.725369,35.971421],[139.725341,35.971446],[139.72534,35.971448],[139.725299,35.971468],[139.72527,35.971472],[139.725252,35.971475],[139.725162,35.971453],[139.725085,35.971433],[139.72497,35.971405],[139.724916,35.971477],[139.724866,35.971544],[139.724821,35.971605],[139.724832,35.971627],[139.724844,35.971649],[139.724807,35.971707],[139.724776,35.971785],[139.724768,35.971805],[139.724748,35.971835],[139.724722,35.971889],[139.724632,35.971894],[139.72459,35.971941],[139.724507,35.972064],[139.724416,35.972027],[139.72438,35.972031],[139.72432,35.97205],[139.724239,35.97214],[139.724222,35.972159],[139.723944,35.972044],[139.72384,35.971969],[139.723644,35.971813],[139.723447,35.971656],[139.723385,35.971594],[139.723319,35.971521],[139.723195,35.97137],[139.72302,35.971132],[139.722873,35.970895],[139.72284,35.970812],[139.722766,35.9707],[139.722723,35.970634],[139.722678,35.970538],[139.722645,35.970489],[139.722563,35.970331],[139.722424,35.970039],[139.722297,35.969774],[139.722238,35.969795],[139.722233,35.969775],[139.722178,35.96965],[139.72213,35.969556],[139.722065,35.969499],[139.721981,35.969412],[139.721867,35.969317],[139.721865,35.969302],[139.721811,35.969262],[139.721602,35.969011],[139.721488,35.968859],[139.721421,35.968768],[139.721334,35.968742],[139.721301,35.968714],[139.721253,35.968676],[139.72125,35.968673],[139.721197,35.968611],[139.721151,35.968629],[139.721147,35.968631],[139.721092,35.968658],[139.721035,35.968705],[139.720984,35.968816],[139.720902,35.968809],[139.720808,35.968814],[139.720774,35.968823],[139.720722,35.968768],[139.720699,35.968718],[139.720658,35.968627],[139.720459,35.968676],[139.720439,35.968599],[139.720423,35.968533],[139.720295,35.968541],[139.720286,35.968541],[139.720246,35.968555],[139.720185,35.968576],[139.720117,35.968599],[139.720093,35.968572],[139.719982,35.968591],[139.71986,35.968612],[139.719813,35.96862],[139.719688,35.968642],[139.719676,35.968645],[139.719556,35.968664],[139.719513,35.968671],[139.719495,35.968674],[139.719401,35.968685],[139.71938,35.968688],[139.719274,35.968702],[139.719207,35.968711],[139.719166,35.968716],[139.719036,35.968567],[139.719026,35.968556],[139.718991,35.968515],[139.718895,35.968405],[139.718869,35.968374],[139.718785,35.968413],[139.718739,35.968434],[139.718626,35.968487],[139.718486,35.968552],[139.718443,35.968572],[139.71838,35.968601],[139.718275,35.96865],[139.718175,35.968527],[139.718159,35.968508],[139.718081,35.968444],[139.718047,35.968416],[139.717998,35.968376],[139.717936,35.968321],[139.717815,35.968233],[139.717727,35.968196],[139.717621,35.968148],[139.717547,35.968114],[139.717494,35.968095],[139.717413,35.968082],[139.717281,35.968085],[139.717202,35.968099],[139.717158,35.968154],[139.717135,35.968199],[139.717035,35.968183],[139.717002,35.968363],[139.716948,35.968514],[139.716821,35.968507],[139.716634,35.968474],[139.716534,35.96845],[139.716472,35.968436],[139.716458,35.968433],[139.716293,35.968373],[139.716207,35.968359],[139.716085,35.968362],[139.716024,35.968345],[139.715933,35.968312],[139.715806,35.968253],[139.715613,35.968154],[139.71559,35.968174],[139.715566,35.968176],[139.715546,35.968164],[139.715519,35.968162],[139.715499,35.968155],[139.715489,35.968149],[139.715294,35.96803],[139.715211,35.968054],[139.715128,35.968101],[139.715093,35.968127],[139.715051,35.968179],[139.715022,35.968251],[139.71501,35.968327],[139.715016,35.968404],[139.715041,35.968487],[139.715047,35.968505],[139.71501,35.968478],[139.714984,35.968465],[139.714935,35.968447],[139.7149,35.968435],[139.714837,35.968415],[139.714779,35.968394],[139.714437,35.968316],[139.714428,35.968344],[139.714415,35.968383],[139.714398,35.968436],[139.714252,35.96843],[139.714247,35.96843],[139.714205,35.968471],[139.714133,35.968541],[139.71394,35.968502],[139.713939,35.968502],[139.713882,35.968494],[139.713877,35.968492],[139.713873,35.96849],[139.713857,35.968485],[139.713728,35.968556],[139.713753,35.96856],[139.713762,35.968561],[139.713767,35.968562],[139.713885,35.968658],[139.713866,35.968684],[139.713837,35.968725],[139.713822,35.968746],[139.713896,35.968769],[139.713838,35.968825],[139.713689,35.968971],[139.713649,35.96901],[139.713398,35.968859],[139.713384,35.968851],[139.713306,35.968961],[139.713237,35.969073],[139.713249,35.969079],[139.713752,35.969366],[139.713743,35.969374],[139.713722,35.969392],[139.713655,35.96945],[139.713553,35.969538],[139.713467,35.969463],[139.713218,35.969713],[139.713145,35.96967],[139.71301,35.969589],[139.712993,35.969579],[139.712963,35.969621],[139.712777,35.969583],[139.712756,35.969682],[139.712742,35.969701],[139.712732,35.969733],[139.712705,35.969818],[139.712732,35.969827],[139.712689,35.96993],[139.712683,35.970008],[139.712682,35.970012],[139.712614,35.970176],[139.712555,35.970327],[139.712561,35.970353],[139.712384,35.970298],[139.712267,35.970373],[139.712162,35.970461],[139.712025,35.970547],[139.711932,35.970595],[139.711811,35.970643],[139.71169,35.970672],[139.711585,35.97069],[139.71154,35.970705],[139.711406,35.970767],[139.711361,35.970793],[139.711215,35.970875],[139.711153,35.970903],[139.710801,35.9709],[139.710735,35.970903],[139.710471,35.970997],[139.71043,35.970993],[139.710324,35.970826],[139.710342,35.970763],[139.710371,35.970748],[139.710455,35.970689],[139.711172,35.970181],[139.712142,35.969525],[139.713072,35.968879],[139.713049,35.968857],[139.713031,35.96884],[139.71284,35.968709],[139.712764,35.968657],[139.71263,35.968594],[139.712511,35.968547],[139.712397,35.968503],[139.712255,35.968435],[139.712182,35.968387],[139.712153,35.968368],[139.712068,35.968299],[139.712047,35.968281],[139.712003,35.968244],[139.711918,35.968152],[139.71191,35.968144],[139.711792,35.96802],[139.711764,35.96799],[139.711696,35.967935],[139.711669,35.967916],[139.711662,35.967911],[139.711559,35.96784],[139.711338,35.967684],[139.71106,35.967499],[139.710985,35.96745],[139.710972,35.967433],[139.710924,35.967255],[139.710925,35.967206],[139.710927,35.967174],[139.710943,35.967141],[139.710959,35.967121],[139.710971,35.967107],[139.711006,35.967081],[139.711009,35.967079],[139.711066,35.967044],[139.711143,35.967016],[139.711267,35.966959],[139.711533,35.966837],[139.711572,35.966812],[139.711589,35.966805],[139.711632,35.966785],[139.711691,35.966758],[139.711695,35.966756],[139.711973,35.966568],[139.71201,35.966584],[139.712011,35.966585],[139.712,35.966591],[139.711974,35.966606],[139.711881,35.966719],[139.711814,35.966801],[139.711797,35.966823],[139.711763,35.966857],[139.711737,35.966881],[139.711708,35.966902],[139.711637,35.96694],[139.711486,35.967013],[139.711461,35.967025],[139.711417,35.967058],[139.711288,35.967183],[139.711434,35.967274],[139.711582,35.967352],[139.711714,35.967413],[139.711741,35.967389],[139.711847,35.967467],[139.711963,35.967552],[139.711955,35.967562],[139.711753,35.967779],[139.711867,35.967874],[139.712057,35.968003],[139.712148,35.968068],[139.712274,35.968157],[139.712313,35.96817],[139.712409,35.968202],[139.712522,35.968236],[139.712537,35.968247],[139.712587,35.968256],[139.71261,35.968266],[139.71264,35.968295],[139.712651,35.96833],[139.712667,35.968381],[139.712722,35.968554],[139.713006,35.968389],[139.71315,35.968271],[139.712972,35.968135],[139.712924,35.968199],[139.712647,35.967911],[139.712633,35.967895],[139.7126,35.967914],[139.712505,35.967797],[139.712501,35.967792],[139.712452,35.967704],[139.71241,35.967596],[139.712395,35.967476],[139.712387,35.967303],[139.712395,35.967287],[139.712412,35.967252],[139.712525,35.967027],[139.712533,35.967019],[139.712633,35.967112],[139.712662,35.967088],[139.712743,35.967018],[139.712775,35.966996],[139.71284,35.966966],[139.713025,35.966942],[139.713236,35.966916],[139.713326,35.966896],[139.713383,35.966876],[139.713385,35.966881],[139.713438,35.967076],[139.713467,35.967185],[139.713834,35.967119],[139.714034,35.967163],[139.714063,35.967111],[139.71416,35.967137],[139.714295,35.967174],[139.71451,35.967211],[139.714518,35.967241],[139.714511,35.967281],[139.714522,35.96732],[139.714529,35.967364],[139.714503,35.96738],[139.714458,35.967368],[139.714193,35.967333],[139.713831,35.967306],[139.713739,35.9673],[139.713683,35.967304],[139.713622,35.967317],[139.713433,35.967376],[139.713427,35.967378],[139.713387,35.967395],[139.713193,35.967523],[139.713173,35.967536],[139.713146,35.967515],[139.71312,35.967534],[139.713113,35.967539],[139.712929,35.967675],[139.712978,35.967785],[139.713051,35.96795],[139.713106,35.967972],[139.713141,35.968003],[139.713274,35.968065],[139.713259,35.968085],[139.713211,35.968144],[139.713248,35.96817],[139.713272,35.968173],[139.713338,35.968215],[139.713447,35.968271],[139.713574,35.968143],[139.713441,35.968045],[139.71336,35.967999],[139.71336,35.967999],[139.71332,35.967976],[139.713286,35.967947],[139.713384,35.967856],[139.713471,35.967774],[139.713876,35.96804],[139.714188,35.968248],[139.714409,35.968183],[139.714547,35.96813],[139.714642,35.968071],[139.714712,35.968013],[139.714685,35.968001],[139.714674,35.967996],[139.714468,35.967903],[139.714449,35.967894],[139.714439,35.96789],[139.714145,35.967756],[139.714139,35.967754],[139.714218,35.967654],[139.714271,35.967595],[139.714387,35.967488],[139.714519,35.967394],[139.714555,35.967375],[139.714541,35.967318],[139.714528,35.967286],[139.714533,35.967239],[139.714524,35.9672],[139.714506,35.967145],[139.714474,35.967086],[139.714406,35.966951],[139.714359,35.966874],[139.714477,35.96681],[139.714521,35.966735],[139.714482,35.966724],[139.714455,35.966717],[139.714163,35.966642],[139.714101,35.966626],[139.714051,35.966605],[139.713981,35.966595],[139.713881,35.966593],[139.713822,35.9666],[139.71369,35.966628],[139.713539,35.966674],[139.713531,35.96666],[139.713445,35.966497],[139.713442,35.966491],[139.713411,35.966392],[139.71338,35.966317],[139.713354,35.966271],[139.713551,35.966124],[139.713708,35.966118],[139.713861,35.965959],[139.714026,35.965841],[139.713788,35.965626],[139.713599,35.965782],[139.713577,35.9658],[139.713397,35.965655],[139.713357,35.965655],[139.713259,35.965736],[139.71318,35.9658],[139.713141,35.965832],[139.713124,35.965846],[139.713109,35.965858],[139.713067,35.965893],[139.713046,35.965911],[139.712992,35.965955],[139.712905,35.966027],[139.712848,35.966074],[139.712807,35.966109],[139.71277,35.966139],[139.712672,35.966219],[139.712615,35.966266],[139.71258,35.966296],[139.712514,35.966348],[139.712509,35.966352],[139.712433,35.966417],[139.712428,35.96642],[139.712384,35.966456],[139.712345,35.966487],[139.712277,35.966544],[139.712199,35.966607],[139.712178,35.966627],[139.712122,35.966564],[139.712065,35.966519],[139.711984,35.966456],[139.711933,35.966492],[139.711896,35.966519],[139.711874,35.966534],[139.711801,35.966587],[139.711783,35.9666],[139.711766,35.966613],[139.711709,35.966654],[139.711682,35.966672],[139.711562,35.966726],[139.711531,35.966718],[139.711485,35.966639],[139.711343,35.966395],[139.711336,35.966384],[139.711296,35.966319],[139.71132,35.966306],[139.711722,35.966075],[139.7117,35.966034],[139.711966,35.96588],[139.71208,35.965814],[139.712219,35.965734],[139.712591,35.965501],[139.712433,35.965379],[139.712355,35.96532],[139.712185,35.965189],[139.712258,35.965143],[139.712331,35.965094],[139.712392,35.965056],[139.712408,35.965045],[139.712422,35.965035],[139.712454,35.965008],[139.71249,35.964976],[139.712555,35.964913],[139.712695,35.964766],[139.713036,35.964396],[139.713157,35.964265],[139.713159,35.964265],[139.713162,35.964262],[139.713161,35.964261],[139.713215,35.9642],[139.713565,35.964291],[139.713633,35.964308],[139.713749,35.964339],[139.7141,35.964431],[139.714153,35.964444],[139.714288,35.964353],[139.71432,35.964331],[139.714433,35.964255],[139.714748,35.964042],[139.714785,35.964027],[139.714848,35.964001],[139.714914,35.963975],[139.715227,35.963848],[139.715377,35.963788],[139.715416,35.963772],[139.715566,35.963711],[139.715594,35.9637],[139.715606,35.963708],[139.715701,35.963657],[139.715785,35.963613],[139.715781,35.963603],[139.71587,35.963557],[139.715881,35.963551],[139.715958,35.963509],[139.716018,35.963477],[139.716108,35.963431],[139.716113,35.96342],[139.716138,35.963368],[139.716141,35.963361],[139.716148,35.963346],[139.716216,35.963226],[139.716308,35.963064],[139.716524,35.962878],[139.716542,35.962891],[139.716555,35.962897],[139.716679,35.962946],[139.716736,35.962886],[139.717016,35.962955],[139.717016,35.962948],[139.717015,35.962923],[139.717013,35.962878],[139.717012,35.962842],[139.717011,35.96281],[139.717013,35.962748],[139.716878,35.962132],[139.716874,35.962115],[139.716861,35.962097],[139.716854,35.962088],[139.716849,35.962074],[139.716855,35.962052],[139.7168,35.962022],[139.716739,35.96197],[139.716699,35.961918],[139.716684,35.961866],[139.716677,35.961829],[139.716693,35.961743],[139.716768,35.961642],[139.716781,35.961613],[139.716782,35.961588],[139.716774,35.961524],[139.716783,35.961467],[139.716822,35.961288],[139.716894,35.961105],[139.716998,35.960895],[139.717185,35.960703],[139.717271,35.960625],[139.717432,35.960453],[139.717559,35.960302],[139.717592,35.96026],[139.717644,35.960204],[139.717675,35.960175],[139.717729,35.960146],[139.71778,35.960131],[139.717818,35.960117],[139.717874,35.960109],[139.717937,35.960102],[139.718328,35.960162],[139.718406,35.960154],[139.718443,35.960135],[139.718477,35.96009],[139.718527,35.960007],[139.718566,35.95998],[139.718782,35.959951],[139.71888,35.960022],[139.719043,35.95993],[139.719058,35.959921],[139.719128,35.959881],[139.719253,35.959807],[139.719374,35.959737],[139.719384,35.959708],[139.719426,35.959668],[139.719457,35.959654],[139.719573,35.959599],[139.719592,35.959592],[139.719696,35.959554],[139.719762,35.95953],[139.719915,35.959563],[139.720224,35.959617],[139.720427,35.959673],[139.720588,35.95937],[139.720667,35.959391],[139.720822,35.959442],[139.721762,35.959884],[139.721957,35.959974],[139.72253,35.9602],[139.722947,35.960334],[139.723136,35.960376],[139.723337,35.96041],[139.723538,35.960439],[139.723659,35.960463],[139.723821,35.960493],[139.723944,35.960522],[139.724609,35.960718],[139.724793,35.960743],[139.724827,35.960748],[139.724918,35.960771],[139.724924,35.960772],[139.72502,35.960796],[139.725097,35.960816],[139.725146,35.960831],[139.725169,35.960839],[139.725211,35.960857],[139.725355,35.960918],[139.725397,35.960936],[139.725405,35.96094],[139.725406,35.96094],[139.725524,35.960995],[139.725577,35.961021],[139.725631,35.961052],[139.725637,35.961055],[139.72581,35.961156],[139.725828,35.961157],[139.725891,35.961163],[139.725814,35.961025],[139.725757,35.960945],[139.725734,35.960915],[139.725715,35.960887],[139.725497,35.960733],[139.725369,35.960659],[139.725356,35.960645],[139.725172,35.960463],[139.725115,35.960426],[139.724997,35.960346],[139.724925,35.96031],[139.724921,35.960242],[139.724732,35.960099],[139.72434,35.959886],[139.724064,35.95973],[139.723661,35.959481],[139.723028,35.959057],[139.722667,35.958849],[139.722363,35.958645],[139.722263,35.958614],[139.722193,35.958561],[139.722075,35.95852],[139.721758,35.958488],[139.721575,35.958452],[139.721529,35.958453],[139.721385,35.958495],[139.721299,35.958519],[139.721183,35.958538],[139.721105,35.958542],[139.721023,35.958524],[139.720934,35.958486],[139.720864,35.958447],[139.720751,35.958311],[139.720708,35.958251],[139.720639,35.958153],[139.720611,35.958095],[139.720578,35.957999],[139.720573,35.95797],[139.720597,35.957692],[139.720611,35.957639],[139.720693,35.957493],[139.720754,35.957335],[139.720761,35.95728],[139.720723,35.95721],[139.720675,35.957158],[139.720613,35.957112],[139.720517,35.957051],[139.720264,35.956826],[139.720258,35.95682],[139.720216,35.956782],[139.720092,35.956573],[139.720001,35.956418],[139.719769,35.956082],[139.719699,35.95597],[139.71962,35.955828],[139.719524,35.955659],[139.719415,35.955416],[139.71938,35.955292],[139.719399,35.955215],[139.719497,35.955057],[139.719625,35.954972],[139.719669,35.954914],[139.719687,35.954749],[139.719564,35.954628],[139.719377,35.95454],[139.719325,35.954503],[139.719299,35.954473],[139.719277,35.954449],[139.719234,35.954365],[139.719197,35.954102],[139.719196,35.953827],[139.71923,35.953537],[139.719258,35.953311],[139.719354,35.952851],[139.719382,35.952698],[139.719397,35.952579],[139.719462,35.952325],[139.719498,35.952222],[139.719515,35.952171],[139.719652,35.952198],[139.720114,35.952253],[139.720168,35.952259],[139.720216,35.952376],[139.720321,35.952473],[139.720328,35.952471],[139.720342,35.952464],[139.720343,35.952464],[139.720415,35.952432],[139.720415,35.952432],[139.72056,35.952368],[139.720628,35.952372],[139.720637,35.952372],[139.72082,35.95238],[139.720889,35.95238],[139.720959,35.95238],[139.721031,35.95238],[139.721062,35.952518],[139.721296,35.952426],[139.721352,35.952404],[139.721547,35.952327],[139.72175,35.952247],[139.721938,35.952173],[139.722192,35.952577],[139.722194,35.952579],[139.722197,35.952584],[139.7222,35.952589],[139.72221,35.952604],[139.722761,35.952378],[139.722774,35.952398],[139.722776,35.9524],[139.722847,35.952507],[139.722894,35.952578],[139.723416,35.953375],[139.723256,35.953443],[139.723028,35.95354],[139.722907,35.953592],[139.722887,35.9536],[139.722868,35.953608],[139.722857,35.953613],[139.723055,35.953911],[139.723064,35.953908],[139.723083,35.953899],[139.723102,35.953891],[139.723427,35.953748],[139.723609,35.953669],[139.723668,35.95376],[139.723707,35.953818],[139.723725,35.95381],[139.723851,35.953754],[139.724258,35.953574],[139.724826,35.954443],[139.724838,35.954437],[139.724862,35.954427],[139.725011,35.954362],[139.725364,35.954208],[139.725387,35.954199],[139.725483,35.954344],[139.725505,35.954335],[139.726033,35.954104],[139.725937,35.953957],[139.725844,35.953814],[139.725748,35.953667],[139.725656,35.953525],[139.725564,35.953385],[139.725572,35.953382],[139.725582,35.953377],[139.725611,35.953365],[139.725619,35.953361],[139.725627,35.953357],[139.726151,35.953126],[139.726801,35.954114],[139.726805,35.95412],[139.726819,35.954141],[139.726831,35.95416],[139.726837,35.954169],[139.727962,35.953677],[139.728217,35.95407],[139.728428,35.953976],[139.728455,35.953963],[139.72847,35.953986],[139.728724,35.954369],[139.728756,35.954418],[139.728799,35.954481],[139.729012,35.954794],[139.729028,35.954818],[139.729228,35.955114],[139.729275,35.955184],[139.729305,35.955228],[139.7296,35.955044],[139.729848,35.95499],[139.730656,35.954644],[139.730876,35.95497],[139.73116,35.955408],[139.731171,35.955403],[139.731207,35.955388],[139.731229,35.955378],[139.731256,35.955366],[139.731273,35.955358],[139.731283,35.955354],[139.731763,35.955143],[139.731957,35.955437],[139.731982,35.955426],[139.732498,35.955199],[139.732515,35.955191],[139.732535,35.955219],[139.732613,35.955332],[139.732992,35.955909],[139.73298,35.955914],[139.732534,35.956111],[139.732442,35.956152],[139.732533,35.956286],[139.732554,35.956316],[139.732567,35.956336],[139.732576,35.956349],[139.732607,35.956396],[139.733015,35.957012],[139.733035,35.957003],[139.73355,35.956778],[139.733567,35.956771],[139.733861,35.957213],[139.733876,35.957206],[139.733894,35.957198],[139.733915,35.957189],[139.734412,35.956972],[139.734634,35.957306],[139.734629,35.957318],[139.734649,35.957324],[139.734958,35.957426],[139.734967,35.957408],[139.735199,35.956957],[139.735206,35.956944],[139.735439,35.956487],[139.735443,35.95648],[139.735452,35.956463],[139.73508,35.956334],[139.735057,35.956326],[139.735063,35.956312],[139.735164,35.956078],[139.735196,35.956004],[139.735134,35.955909],[139.734597,35.956146],[139.734583,35.956152],[139.734229,35.955615],[139.734215,35.955594],[139.734203,35.955576],[139.734218,35.95557],[139.734753,35.955336],[139.734654,35.955187],[139.734607,35.955115],[139.734561,35.955045],[139.734463,35.954896],[139.734483,35.954888],[139.735023,35.954652],[139.734931,35.954509],[139.734917,35.954486],[139.734896,35.954451],[139.734847,35.954471],[139.734822,35.954436],[139.73487,35.954415],[139.734838,35.954367],[139.73474,35.954217],[139.734694,35.954147],[139.734649,35.954077],[139.734555,35.953934],[139.734459,35.953786],[139.734493,35.953771],[139.734511,35.953764],[139.734644,35.953705],[139.735035,35.953534],[139.735509,35.954259],[139.735526,35.954251],[139.735639,35.954203],[139.736048,35.954029],[139.736053,35.954018],[139.736061,35.953999],[139.73607,35.953977],[139.736251,35.953563],[139.736339,35.953362],[139.736351,35.953335],[139.736548,35.952882],[139.736612,35.952736],[139.736628,35.952708],[139.736633,35.9527],[139.736646,35.952676],[139.736709,35.952595],[139.73675,35.952549],[139.736825,35.952488],[139.736839,35.952492],[139.736862,35.9525],[139.736895,35.952511],[139.737946,35.952863],[139.737951,35.952854],[139.737959,35.952839],[139.738197,35.952385],[139.738556,35.952502],[139.738564,35.952485],[139.738752,35.952123],[139.738794,35.952041],[139.7388,35.952029],[139.738809,35.952013],[139.738956,35.951728],[139.738962,35.951716],[139.738976,35.95169],[139.738985,35.951671],[139.73899,35.951662],[139.739033,35.951666],[139.739045,35.951668],[139.739057,35.951669],[139.739082,35.951672],[139.739095,35.951673],[139.739187,35.951683],[139.739685,35.951606],[139.739705,35.951603],[139.740284,35.951514],[139.740296,35.951513],[139.740307,35.951511],[139.740327,35.951508],[139.740336,35.951506],[139.740917,35.951417],[139.740939,35.951414],[139.741408,35.951341],[139.741536,35.951321],[139.741557,35.951317],[139.741575,35.951314],[139.741607,35.951309],[139.741643,35.951465],[139.741646,35.951478],[139.741659,35.95163],[139.741628,35.9518],[139.741638,35.951798],[139.741666,35.951792],[139.741779,35.951775],[139.741727,35.951933],[139.741783,35.951937],[139.742304,35.951973],[139.742356,35.951977],[139.742378,35.951979],[139.742412,35.951981],[139.742448,35.951985],[139.742557,35.951999],[139.742647,35.95201],[139.742989,35.952052],[139.742998,35.952053],[139.743011,35.952054],[139.743035,35.952058],[139.743046,35.952059],[139.7433,35.952094],[139.743679,35.952146],[139.743684,35.952146],[139.744407,35.952219],[139.744696,35.952247],[139.744972,35.952274],[139.745411,35.952325],[139.745884,35.952389],[139.745967,35.952164],[139.746021,35.951967],[139.747184,35.949087],[139.747295,35.948814],[139.747576,35.948094],[139.747603,35.948041],[139.747715,35.947872],[139.747917,35.947566],[139.747968,35.947485],[139.748069,35.947302],[139.748222,35.947074],[139.74835,35.946879],[139.748433,35.946718],[139.748509,35.946543],[139.748555,35.946417],[139.748567,35.946386],[139.748568,35.946384],[139.748572,35.946374],[139.748637,35.94621],[139.748972,35.945439],[139.749097,35.945159],[139.749128,35.945075],[139.749159,35.944978],[139.749283,35.944546],[139.749325,35.944387],[139.749359,35.944265],[139.749581,35.94368],[139.749634,35.943541],[139.749762,35.943191],[139.749823,35.943039],[139.749894,35.94284],[139.749944,35.942702],[139.749971,35.94271],[139.750001,35.94272],[139.750012,35.942723],[139.750047,35.942669],[139.750085,35.942626],[139.750136,35.942575],[139.750257,35.942466],[139.750285,35.942447],[139.750356,35.942396],[139.750793,35.942431],[139.75098,35.942445],[139.751172,35.94246],[139.751175,35.942435],[139.751236,35.941974],[139.751442,35.941993],[139.751445,35.94197],[139.75147,35.941782],[139.751472,35.941767],[139.751502,35.941533],[139.751508,35.941487],[139.751232,35.9417],[139.751102,35.941785],[139.751075,35.941769],[139.751014,35.941735],[139.750994,35.941723],[139.750574,35.941484],[139.750562,35.941499],[139.750557,35.941504],[139.750285,35.941823],[139.750219,35.941901],[139.749563,35.941528],[139.749567,35.941523],[139.749899,35.941136],[139.749907,35.941127],[139.749918,35.941113],[139.750087,35.941208],[139.750254,35.941302],[139.750286,35.941265],[139.750603,35.940899],[139.750925,35.941082],[139.75094,35.941063],[139.750947,35.941056],[139.751277,35.940671],[139.751439,35.940764],[139.751443,35.940759],[139.75146,35.94074],[139.751504,35.940688],[139.751612,35.940561],[139.751803,35.940335],[139.751822,35.940313],[139.751987,35.940401],[139.752166,35.940498],[139.752294,35.94035],[139.752365,35.940267],[139.752498,35.940112],[139.752506,35.940103],[139.752526,35.94008],[139.752534,35.940071],[139.752885,35.939662],[139.752896,35.939649],[139.753094,35.939419],[139.753238,35.939251],[139.753245,35.939243],[139.753258,35.939228],[139.753597,35.938834],[139.753615,35.938812],[139.75344,35.938717],[139.753442,35.938715],[139.753777,35.938328],[139.753789,35.938314],[139.753804,35.938297],[139.753814,35.938286],[139.753819,35.93828],[139.753823,35.938275],[139.753941,35.938134],[139.754151,35.937891],[139.75483,35.938276],[139.754995,35.938366],[139.755009,35.938349],[139.755018,35.938339],[139.755071,35.938276],[139.755379,35.937918],[139.755702,35.938099],[139.755708,35.938093],[139.75583,35.938164],[139.755886,35.938197],[139.755913,35.938213],[139.755929,35.938222],[139.755937,35.938227],[139.756586,35.937741],[139.75662,35.937771],[139.756628,35.937778],[139.756659,35.937805],[139.756666,35.937811],[139.757034,35.938136],[139.757468,35.937809],[139.757103,35.937486],[139.757096,35.937479],[139.757064,35.937452],[139.757057,35.937445],[139.757023,35.937415],[139.757014,35.937408],[139.757004,35.937398],[139.75698,35.937377],[139.756917,35.937321],[139.75722,35.937099],[139.7572,35.937088],[139.75718,35.937076],[139.756945,35.93694],[139.756861,35.936892],[139.756778,35.936844],[139.756701,35.9368],[139.756713,35.936787],[139.756729,35.936771],[139.756333,35.935672],[139.75631,35.935677],[139.756298,35.93568],[139.756273,35.935686],[139.755723,35.935818],[139.755602,35.935492],[139.755576,35.935499],[139.755006,35.93564],[139.754835,35.935175],[139.754814,35.93518],[139.754806,35.935182],[139.754223,35.935322],[139.753991,35.934681],[139.753969,35.934687],[139.753342,35.93484],[139.753337,35.934841],[139.753369,35.934803],[139.753154,35.934199],[139.753163,35.934197],[139.753736,35.934059],[139.753759,35.934054],[139.753646,35.933727],[139.753619,35.933734],[139.753099,35.933858],[139.753046,35.93387],[139.753036,35.933873],[139.752923,35.933571],[139.752933,35.933568],[139.753099,35.933528],[139.753506,35.933428],[139.753531,35.933422],[139.75333,35.932867],[139.753247,35.932636],[139.753222,35.932642],[139.7531,35.932672],[139.752653,35.93278],[139.752641,35.932783],[139.752246,35.931688],[139.752257,35.931686],[139.752829,35.931548],[139.75277,35.931386],[139.752741,35.931307],[139.752714,35.931232],[139.752655,35.93107],[139.75264,35.931027],[139.752546,35.930929],[139.752411,35.930786],[139.752249,35.930615],[139.752133,35.930492],[139.752126,35.930484],[139.752104,35.930461],[139.752014,35.930366],[139.751972,35.930322],[139.7516,35.929929],[139.751469,35.929791],[139.751338,35.929652],[139.75121,35.929517],[139.751083,35.929383],[139.751063,35.929361],[139.751053,35.929351],[139.751046,35.929344],[139.751013,35.929308],[139.750976,35.92927],[139.750956,35.929249],[139.750816,35.929257],[139.750665,35.929257],[139.750601,35.929254],[139.750506,35.928968],[139.750374,35.928996],[139.750354,35.928999],[139.750332,35.929003],[139.750305,35.929004],[139.750298,35.929005],[139.75029,35.929007],[139.750262,35.929008],[139.750211,35.929008],[139.750202,35.928982],[139.750171,35.928888],[139.750157,35.928846],[139.750112,35.928707],[139.750083,35.928621],[139.750047,35.928629],[139.74999,35.928643],[139.749974,35.928647],[139.749968,35.928627],[139.749962,35.928608],[139.749939,35.928539],[139.749927,35.928544],[139.749867,35.928492],[139.749753,35.928393],[139.74968,35.928432],[139.749578,35.92815],[139.74957,35.928129],[139.749491,35.928152],[139.749429,35.928009],[139.749367,35.927864],[139.749357,35.927841],[139.749284,35.927673],[139.749216,35.927515],[139.749212,35.927505],[139.749191,35.927455],[139.749182,35.927434],[139.749169,35.927403],[139.749067,35.92716],[139.749228,35.9271],[139.74868,35.926967],[139.748627,35.926954],[139.748547,35.926934],[139.748315,35.926878],[139.748304,35.926875],[139.748224,35.926853],[139.748066,35.926858],[139.747985,35.926855],[139.747812,35.926835],[139.747594,35.926806],[139.747484,35.926797],[139.747267,35.926821],[139.746948,35.926898],[139.746639,35.926966],[139.746596,35.926973],[139.746496,35.92698],[139.746379,35.926981],[139.74628,35.926977],[139.746167,35.926961],[139.746006,35.926928],[139.745785,35.92688],[139.745421,35.926763],[139.745473,35.926661],[139.745495,35.926585],[139.745503,35.926538],[139.745508,35.926455],[139.745498,35.92637],[139.745494,35.92632],[139.745499,35.92625],[139.74546,35.926058],[139.745677,35.926016],[139.74615,35.925898],[139.746191,35.925856],[139.746132,35.925604],[139.746159,35.925586],[139.746283,35.925573],[139.746621,35.925505],[139.746611,35.924894],[139.74661,35.924878],[139.74661,35.924871],[139.746105,35.924682],[139.746107,35.924677],[139.746166,35.924527],[139.746247,35.924321],[139.746338,35.924128],[139.746377,35.924045],[139.746437,35.923794],[139.746548,35.923779],[139.746556,35.923751],[139.74657,35.92374],[139.746598,35.92372],[139.746648,35.923684],[139.746958,35.922726],[139.746947,35.922692],[139.74696,35.922666],[139.746771,35.922286],[139.746744,35.92223],[139.74812,35.922058],[139.748162,35.922047],[139.748196,35.922039],[139.748165,35.92195],[139.748163,35.921944],[139.748137,35.921871],[139.748124,35.921832],[139.747854,35.921619],[139.747848,35.921614],[139.747818,35.921591],[139.747803,35.921579],[139.747343,35.921215],[139.747339,35.921207],[139.746602,35.91984],[139.746589,35.919815],[139.745394,35.917599],[139.745389,35.91759],[139.745379,35.917571],[139.745449,35.917502],[139.746525,35.916678],[139.746566,35.916646],[139.746558,35.916687],[139.746619,35.916639],[139.748539,35.915141],[139.748549,35.915101],[139.748567,35.915028],[139.748615,35.914839],[139.748655,35.91468],[139.749516,35.911234],[139.749526,35.911193],[139.74954,35.911196],[139.749557,35.911199],[139.749771,35.911233],[139.749775,35.911234],[139.750003,35.911273],[139.750211,35.911308],[139.750223,35.91131],[139.750273,35.911318],[139.750282,35.911319],[139.750318,35.911325],[139.750872,35.911413],[139.75087,35.911423],[139.752273,35.911658],[139.752322,35.911666],[139.75243,35.911236],[139.752696,35.910177],[139.753123,35.910248],[139.754397,35.910459],[139.754405,35.910426],[139.754525,35.909951],[139.754529,35.909935],[139.754649,35.909457],[139.754654,35.909437],[139.754773,35.908966],[139.754779,35.908944],[139.754898,35.908471],[139.754903,35.908449],[139.755023,35.907975],[139.755027,35.907958],[139.755147,35.907482],[139.755155,35.907449],[139.75496,35.907417],[139.75508,35.906936],[139.755084,35.906921],[139.755204,35.90644],[139.755209,35.906419],[139.755327,35.905948],[139.755332,35.905928],[139.755357,35.90583],[139.755393,35.90569],[139.755452,35.905451],[139.755457,35.905429],[139.755575,35.904954],[139.75558,35.904931],[139.755639,35.904692],[139.755646,35.904666],[139.754126,35.904412],[139.75449,35.902964],[139.754501,35.902922],[139.754766,35.901865],[139.754736,35.90186],[139.754191,35.901771],[139.754128,35.90176],[139.753132,35.901597],[139.752657,35.901519],[139.752394,35.90042],[139.752393,35.900413],[139.752172,35.899497],[139.752165,35.899469],[139.752161,35.899452],[139.752712,35.899069],[139.752927,35.898919],[139.752913,35.898906],[139.752796,35.898793],[139.752554,35.89856],[139.75289,35.898326],[139.753135,35.89856],[139.753215,35.898637],[139.753253,35.898673],[139.753267,35.898687],[139.753944,35.898216],[139.75393,35.898202],[139.753569,35.897859],[139.753717,35.897754],[139.753727,35.897748],[139.753201,35.8975],[139.753173,35.897487],[139.753136,35.89747],[139.75262,35.897231],[139.752637,35.897208],[139.753123,35.896521],[139.753137,35.896502],[139.753527,35.895963],[139.753516,35.895939],[139.753451,35.895792],[139.753361,35.895649],[139.753351,35.895497],[139.753167,35.895509],[139.753146,35.89551],[139.753138,35.895511],[139.753131,35.895511],[139.753135,35.895546],[139.752805,35.895432],[139.75271,35.895336],[139.752526,35.895375],[139.752491,35.895346],[139.752445,35.895298],[139.752366,35.895291],[139.752298,35.89525],[139.752055,35.895198],[139.751939,35.895156],[139.751922,35.895141],[139.751891,35.89503],[139.751885,35.895012],[139.751865,35.894933],[139.751668,35.894922],[139.751582,35.894907],[139.751379,35.894832],[139.751196,35.894797],[139.751199,35.894815],[139.751218,35.894931],[139.751173,35.894934],[139.75108,35.894941],[139.751051,35.894943],[139.751036,35.894944],[139.751025,35.894945],[139.751014,35.894946],[139.750978,35.894949],[139.750752,35.894967],[139.750707,35.894971],[139.750704,35.895011],[139.750695,35.895113],[139.750684,35.89524],[139.750675,35.895338],[139.750645,35.895427],[139.750626,35.895485],[139.750622,35.895499],[139.750609,35.89554],[139.750372,35.89551],[139.750336,35.895514],[139.750161,35.895537],[139.749948,35.895551],[139.749949,35.895545],[139.749522,35.895386],[139.749248,35.895237],[139.749414,35.89501],[139.749466,35.894939],[139.749504,35.894958],[139.749536,35.894867],[139.749508,35.894579],[139.749486,35.894571],[139.749396,35.89454],[139.749321,35.894514],[139.74928,35.894503],[139.749258,35.894498],[139.749193,35.894491],[139.749077,35.894453],[139.748908,35.894398],[139.748841,35.89447],[139.748833,35.894479],[139.748769,35.894548],[139.748711,35.894611],[139.748571,35.894761],[139.748552,35.894758],[139.748529,35.894754],[139.748421,35.894735],[139.748383,35.89475],[139.748377,35.894761],[139.748307,35.894738],[139.748224,35.894716],[139.748175,35.8947],[139.748114,35.894654],[139.748113,35.894573],[139.74808,35.894462],[139.747968,35.894385],[139.747826,35.894305],[139.747554,35.894138],[139.747506,35.894123],[139.747496,35.89412],[139.747488,35.894155],[139.747478,35.894152],[139.747072,35.894069],[139.747114,35.894288],[139.747096,35.894332],[139.747092,35.894342],[139.74703,35.894406],[139.746865,35.894411],[139.746848,35.894472],[139.746489,35.894405],[139.746319,35.894374],[139.746299,35.89437],[139.746287,35.894368],[139.746269,35.894365],[139.745723,35.894265],[139.745702,35.894261],[139.745728,35.894166],[139.745747,35.894095],[139.745621,35.894069],[139.745613,35.894107],[139.745564,35.894116],[139.745439,35.894078],[139.745447,35.894039],[139.745203,35.893996],[139.74518,35.893992],[139.745039,35.893967],[139.745028,35.893965],[139.745018,35.893959],[139.744984,35.893941],[139.74504,35.893875],[139.745212,35.893716],[139.745568,35.893279],[139.745655,35.89309],[139.745656,35.893087],[139.745735,35.893144],[139.745757,35.893104],[139.745834,35.892972],[139.745947,35.89288],[139.746045,35.892704],[139.746266,35.892446],[139.746784,35.891951],[139.747054,35.891712],[139.747303,35.891504],[139.747455,35.891414],[139.74772,35.891215],[139.747862,35.89113],[139.748339,35.890915],[139.748448,35.890856],[139.748532,35.890781],[139.748481,35.890573],[139.748414,35.890397],[139.748176,35.889602],[139.747649,35.887808],[139.747617,35.887758],[139.747614,35.887754],[139.747608,35.887665],[139.74763,35.887529],[139.747866,35.887243],[139.7485,35.886232],[139.74861,35.886102],[139.749047,35.885322],[139.749197,35.884976],[139.749325,35.884644],[139.749563,35.884195],[139.749648,35.884026],[139.749788,35.883795],[139.7498,35.883775],[139.749824,35.883714],[139.749902,35.883293],[139.749904,35.883279],[139.750066,35.882784],[139.750102,35.882706],[139.750193,35.882581],[139.750292,35.882458],[139.750348,35.882392],[139.750403,35.882328],[139.750623,35.88203],[139.750852,35.881663],[139.750961,35.881513],[139.751099,35.881398],[139.75137,35.881206],[139.751827,35.880844],[139.752117,35.880693],[139.752239,35.880656],[139.752508,35.880519],[139.752621,35.880442],[139.752856,35.880138],[139.753038,35.879904],[139.752864,35.879729],[139.752698,35.879876],[139.752446,35.88004],[139.75209,35.880214],[139.751022,35.880623],[139.75035,35.880856],[139.749705,35.881079],[139.749296,35.881213],[139.749261,35.881223],[139.748806,35.881415],[139.748788,35.881422],[139.748594,35.881478],[139.7484,35.881579],[139.748383,35.881586],[139.748155,35.88173],[139.74795,35.881922],[139.747773,35.882132],[139.747565,35.882519],[139.747433,35.882859],[139.747312,35.88317],[139.747253,35.883291],[139.747126,35.883553],[139.746998,35.883741],[139.746619,35.884143],[139.746543,35.884193],[139.745875,35.884628],[139.745674,35.884783],[139.745542,35.884898],[139.745268,35.885176],[139.74511,35.885305],[139.744897,35.885418],[139.744707,35.885493],[139.744514,35.885545],[139.74401,35.885712],[139.742973,35.886174],[139.742945,35.886205],[139.74256,35.88646],[139.74178,35.886974],[139.741342,35.887264],[139.741253,35.887146],[139.741245,35.887136],[139.740997,35.88681],[139.740982,35.88679],[139.741239,35.886512],[139.741343,35.886398],[139.741404,35.886366],[139.74161,35.88616],[139.741915,35.885863],[139.742309,35.885475],[139.742494,35.885291],[139.742655,35.885116],[139.74294,35.884792],[139.74328,35.884414],[139.743379,35.884303],[139.743642,35.884036],[139.743885,35.883791],[139.744209,35.883457],[139.744361,35.883309],[139.74438,35.883289],[139.744631,35.883033],[139.744472,35.882923],[139.744466,35.882919],[139.744423,35.882889],[139.74415,35.882704],[139.743766,35.882436],[139.743272,35.882098],[139.743179,35.882035],[139.743095,35.881982],[139.743068,35.881964],[139.742885,35.881836],[139.742833,35.8818],[139.742677,35.881692],[139.742499,35.881551],[139.742426,35.881493],[139.742095,35.881902],[139.742049,35.881951],[139.741644,35.882339],[139.741241,35.88273],[139.739823,35.881752],[139.73979,35.881797],[139.739754,35.88185],[139.739697,35.881936],[139.739684,35.881954],[139.739632,35.882024],[139.739603,35.88205],[139.739571,35.882055],[139.739494,35.88202],[139.739266,35.881915],[139.739165,35.881829],[139.739053,35.881734],[139.738985,35.881685],[139.738897,35.881624],[139.738839,35.881581],[139.738791,35.881554],[139.738746,35.88153],[139.738675,35.881479],[139.738574,35.881414],[139.738558,35.881404],[139.738324,35.88125],[139.737992,35.881021],[139.737987,35.881017],[139.737757,35.881261],[139.737705,35.881227],[139.737713,35.881215],[139.737917,35.88094],[139.73802,35.88082],[139.738085,35.880751],[139.738707,35.880088],[139.738688,35.880075],[139.738843,35.879903],[139.738829,35.879893],[139.7392,35.879535],[139.739488,35.87926],[139.739594,35.87912],[139.739812,35.878853],[139.739872,35.878751],[139.740014,35.87851],[139.73993,35.87847],[139.739899,35.878505],[139.739844,35.878474],[139.739677,35.87835],[139.739459,35.878547],[139.739332,35.878471],[139.73909,35.878349],[139.739234,35.878155],[139.73936,35.878002],[139.739369,35.87799],[139.739252,35.877918],[139.739509,35.877819],[139.739491,35.877786],[139.739697,35.877691],[139.7398,35.877552],[139.73984,35.877473],[139.739992,35.877386],[139.740197,35.877324],[139.740255,35.87728],[139.740374,35.877109],[139.740448,35.877002],[139.740452,35.876992],[139.740454,35.87698],[139.740458,35.876971],[139.740542,35.876818],[139.740563,35.876775],[139.740596,35.87672],[139.74063,35.876699],[139.740732,35.876485],[139.740764,35.876417],[139.740831,35.87631],[139.740915,35.876307],[139.740938,35.876256],[139.740851,35.876226],[139.740749,35.876161],[139.740803,35.876078],[139.740909,35.875917],[139.740919,35.875901],[139.741024,35.875711],[139.741008,35.875691],[139.741006,35.875677],[139.740835,35.87558],[139.740914,35.875433],[139.740669,35.875344],[139.740559,35.875452],[139.7402,35.875389],[139.739902,35.875341],[139.739929,35.875235],[139.739398,35.875134],[139.739335,35.875339],[139.739226,35.875315],[139.73922,35.875313],[139.739204,35.875371],[139.739186,35.875408],[139.739142,35.875459],[139.739139,35.875456],[139.739114,35.875471],[139.73908,35.875464],[139.739081,35.875454],[139.738999,35.875432],[139.738994,35.875448],[139.738859,35.875938],[139.738793,35.87589],[139.738726,35.875828],[139.738597,35.875736],[139.738525,35.875688],[139.738666,35.875024],[139.738999,35.875053],[139.739019,35.875053],[139.739053,35.874881],[139.738858,35.874841],[139.738954,35.874606],[139.739013,35.874416],[139.738815,35.874353],[139.738821,35.874337],[139.738703,35.874312],[139.738585,35.874532],[139.738203,35.874432],[139.738305,35.874249],[139.738409,35.874265],[139.738503,35.874054],[139.738551,35.874082],[139.739104,35.874144],[139.739039,35.874397],[139.739089,35.874431],[139.739209,35.87447],[139.739326,35.87449],[139.739473,35.874501],[139.739643,35.874507],[139.739707,35.874286],[139.73974,35.874155],[139.739743,35.874101],[139.739749,35.87404],[139.739737,35.874037],[139.739311,35.873976],[139.739366,35.873775],[139.739161,35.873715],[139.739152,35.873562],[139.739492,35.873627],[139.73951,35.873379],[139.739678,35.873383],[139.739678,35.873312],[139.739675,35.873237],[139.739671,35.873148],[139.739676,35.873043],[139.739711,35.872791],[139.739721,35.87274],[139.739762,35.872636],[139.73977,35.872585],[139.739795,35.872467],[139.739814,35.872456],[139.739833,35.872368],[139.739926,35.87221],[139.739974,35.872073],[139.740029,35.871857],[139.740129,35.871894],[139.740362,35.871998],[139.740436,35.872002],[139.740591,35.871988],[139.740698,35.871963],[139.74084,35.871947],[139.741056,35.871978],[139.741709,35.872057],[139.741719,35.872021],[139.741746,35.871845],[139.741772,35.871676],[139.741775,35.871638],[139.741265,35.871607],[139.74113,35.871617],[139.741036,35.87163],[139.740891,35.871647],[139.740781,35.871664],[139.740704,35.871681],[139.7406,35.871671],[139.740596,35.871602],[139.740302,35.871516],[139.740077,35.871464],[139.740071,35.871431],[139.739869,35.871421],[139.739823,35.871365],[139.739788,35.871306],[139.739749,35.871221],[139.739748,35.871047],[139.739774,35.870941],[139.739787,35.870877],[139.739855,35.870646],[139.739858,35.87063],[139.739918,35.870364],[139.739923,35.870341],[139.739919,35.870332],[139.739878,35.870326],[139.739898,35.870179],[139.739907,35.870097],[139.739509,35.86988],[139.739471,35.869861],[139.739336,35.870025],[139.739218,35.870157],[139.739145,35.870252],[139.739055,35.870161],[139.738837,35.870022],[139.738633,35.869857],[139.738435,35.869968],[139.738544,35.870129],[139.738556,35.870156],[139.738559,35.870171],[139.73856,35.870185],[139.73856,35.870201],[139.738558,35.870218],[139.738553,35.870237],[139.738546,35.870258],[139.73849,35.870331],[139.73834,35.870444],[139.738236,35.870491],[139.738116,35.870521],[139.737811,35.870605],[139.737573,35.870553],[139.737548,35.87053],[139.737523,35.87049],[139.737227,35.870035],[139.736933,35.869607],[139.736548,35.869607],[139.736517,35.869795],[139.736526,35.869843],[139.736318,35.869841],[139.736296,35.869986],[139.736409,35.870235],[139.736502,35.870446],[139.736532,35.870582],[139.736527,35.870684],[139.736368,35.870711],[139.73631,35.870725],[139.736115,35.870743],[139.735841,35.870897],[139.735765,35.870964],[139.735562,35.871197],[139.735515,35.871238],[139.735493,35.871249],[139.735473,35.871252],[139.735435,35.871254],[139.735176,35.871239],[139.73513,35.87123],[139.735114,35.871227],[139.734971,35.871248],[139.734929,35.871569],[139.734779,35.871646],[139.735045,35.871965],[139.734374,35.87253],[139.733955,35.873028],[139.733834,35.87316],[139.733552,35.873601],[139.733996,35.873875],[139.733972,35.873904],[139.733936,35.873947],[139.733921,35.873964],[139.733663,35.874116],[139.73354,35.874235],[139.733507,35.874286],[139.733455,35.874354],[139.733415,35.874425],[139.733348,35.874499],[139.733211,35.87465],[139.733325,35.874745],[139.733465,35.874865],[139.733514,35.874907],[139.73353,35.874922],[139.733654,35.875025],[139.733662,35.875031],[139.733661,35.875031],[139.7335,35.875169],[139.733373,35.875297],[139.733337,35.875331],[139.733335,35.875333],[139.733281,35.875387],[139.733248,35.875434],[139.733239,35.87576],[139.733239,35.87578],[139.73324,35.875782],[139.733249,35.875806],[139.733251,35.87581],[139.733296,35.8758],[139.733223,35.876421],[139.732913,35.876799],[139.73282,35.876758],[139.732662,35.876632],[139.732613,35.876562],[139.732547,35.876479],[139.732452,35.876385],[139.732277,35.87631],[139.732186,35.876294],[139.731918,35.876216],[139.73176,35.876128],[139.731721,35.876098],[139.731591,35.875975],[139.73145,35.875877],[139.731186,35.875795],[139.731044,35.875745],[139.730988,35.875733],[139.730987,35.875742],[139.730986,35.875749],[139.730987,35.875756],[139.730948,35.875757],[139.730901,35.875733],[139.730886,35.875728],[139.730787,35.875698],[139.730758,35.875689],[139.730715,35.875681],[139.730642,35.875686],[139.730489,35.875741],[139.730421,35.875766],[139.730397,35.875775],[139.730275,35.875818],[139.730168,35.875856],[139.729801,35.875984],[139.729513,35.876087],[139.729305,35.87616],[139.729195,35.876235],[139.729109,35.876339],[139.729012,35.876428],[139.728829,35.876562],[139.728756,35.876633],[139.728715,35.876726],[139.728704,35.876831],[139.72869,35.876958],[139.728767,35.877134],[139.728806,35.87722],[139.728824,35.877312],[139.728677,35.877456],[139.728534,35.877583],[139.728345,35.87776],[139.728336,35.877772],[139.72826,35.877875],[139.728197,35.87798],[139.728099,35.878217],[139.72808,35.878206],[139.728016,35.878169],[139.727941,35.878123],[139.727872,35.878073],[139.727742,35.877975],[139.727607,35.877875],[139.727453,35.877759],[139.727407,35.877724],[139.727083,35.877481],[139.727031,35.877441],[139.726753,35.877239],[139.726701,35.877201],[139.72666,35.877172],[139.726652,35.877168],[139.726572,35.877112],[139.726505,35.877058],[139.72636,35.876948],[139.726273,35.876881],[139.726127,35.876777],[139.725963,35.87666],[139.725887,35.876605],[139.725824,35.876559],[139.725743,35.8765],[139.725525,35.876341],[139.72547,35.8763],[139.725254,35.876153],[139.725032,35.876592],[139.724898,35.876869],[139.724855,35.876954],[139.724795,35.877005],[139.724708,35.877062],[139.724667,35.877077],[139.724637,35.877088],[139.724555,35.877098],[139.724498,35.877089],[139.72414,35.876987],[139.723796,35.876889],[139.723429,35.87678],[139.723325,35.876747],[139.723213,35.876704],[139.723036,35.876635],[139.722793,35.876503],[139.722685,35.876455],[139.722583,35.876427],[139.722503,35.876413],[139.722414,35.876428],[139.722301,35.876472],[139.722062,35.876654],[139.721918,35.876766],[139.721879,35.876798],[139.721738,35.876943],[139.721513,35.877176],[139.721363,35.877345],[139.721136,35.87759],[139.720969,35.877763],[139.720741,35.877995],[139.720673,35.878061],[139.720502,35.878212],[139.720327,35.878331],[139.720037,35.878511],[139.719785,35.878671],[139.719505,35.878844],[139.719258,35.879008],[139.719054,35.879176],[139.718681,35.879018],[139.718355,35.878877],[139.718024,35.878734],[139.71768,35.878587],[139.717334,35.878437],[139.716881,35.878243],[139.716468,35.878065],[139.716043,35.877881],[139.715614,35.877696],[139.715194,35.877516],[139.714753,35.877326],[139.714316,35.877138],[139.713873,35.876948],[139.713428,35.876757],[139.713706,35.876514],[139.714396,35.875888],[139.714787,35.875533],[139.715207,35.875152],[139.715603,35.874762],[139.715892,35.874508],[139.716352,35.874078],[139.716736,35.873721],[139.717135,35.873351],[139.717541,35.872977],[139.717929,35.872617],[139.718051,35.872507],[139.718334,35.872251],[139.718394,35.872195],[139.718453,35.872166],[139.718719,35.871928],[139.71931,35.871383],[139.719635,35.871084],[139.72015,35.870597],[139.7202,35.870595],[139.720184,35.870157],[139.720177,35.869999],[139.72018,35.869804],[139.720176,35.86962],[139.720168,35.869437],[139.720162,35.869379],[139.720132,35.869225],[139.720103,35.869145],[139.720027,35.869023],[139.71996,35.868936],[139.71994,35.868906],[139.719812,35.868783],[139.719679,35.868679],[139.719801,35.868551],[139.719657,35.868399],[139.719433,35.868175],[139.719403,35.868079],[139.719344,35.868033],[139.719262,35.86798],[139.719208,35.86796],[139.718928,35.867887],[139.71877,35.867847],[139.718713,35.868031],[139.718654,35.868034],[139.718598,35.868012],[139.718569,35.868],[139.718517,35.867981],[139.718428,35.867941],[139.718317,35.867877],[139.718188,35.867781],[139.718078,35.867698],[139.717993,35.867622],[139.717901,35.86753],[139.717865,35.867493],[139.717814,35.867429],[139.717751,35.867323],[139.717724,35.867223],[139.717633,35.866867],[139.71762,35.866739],[139.717624,35.866627],[139.71766,35.866467],[139.717725,35.866088],[139.717755,35.865953],[139.717777,35.865795],[139.717811,35.865538],[139.717845,35.865326],[139.717955,35.864889],[139.71804,35.864457],[139.718084,35.864308],[139.718146,35.864147],[139.718223,35.863967],[139.718299,35.863841],[139.718349,35.863718],[139.718486,35.863462],[139.71851,35.863433],[139.718532,35.863416],[139.718828,35.86331],[139.718826,35.8633],[139.718791,35.863134],[139.71879,35.863131],[139.718788,35.863117],[139.718727,35.862788],[139.718674,35.862552],[139.718426,35.86251],[139.718428,35.862425],[139.718393,35.862416],[139.718222,35.862446],[139.717708,35.862403],[139.717454,35.862382],[139.717008,35.862345],[139.716623,35.862312],[139.716147,35.862273],[139.715733,35.862238],[139.715353,35.862206],[139.715311,35.862202],[139.714917,35.86217],[139.714496,35.862134],[139.714193,35.862108],[139.713779,35.862074],[139.713783,35.862034],[139.713394,35.861999],[139.713288,35.861991],[139.713015,35.86197],[139.712476,35.861928],[139.7125,35.861794],[139.712349,35.86178],[139.712324,35.861563],[139.712318,35.861521],[139.712241,35.861527],[139.712181,35.861531],[139.712133,35.861534],[139.712069,35.861038],[139.711463,35.861085],[139.711429,35.860801],[139.711405,35.860596],[139.711401,35.860554],[139.711042,35.860578],[139.710947,35.860588],[139.71078,35.860601],[139.710722,35.860121],[139.71072,35.860104],[139.710914,35.86009],[139.71094,35.860088],[139.711141,35.860074],[139.711544,35.860044],[139.711546,35.86006],[139.711601,35.860541],[139.711607,35.860582],[139.711675,35.860576],[139.711841,35.860563],[139.711925,35.860557],[139.711931,35.860557],[139.712088,35.860545],[139.712182,35.860539],[139.712331,35.860528],[139.712428,35.860522],[139.712433,35.860522],[139.71273,35.860499],[139.712783,35.860495],[139.713216,35.860465],[139.713691,35.860428],[139.713366,35.858848],[139.713303,35.85885],[139.713225,35.858381],[139.712693,35.858432],[139.712451,35.858453],[139.712416,35.858453],[139.712354,35.85845],[139.712292,35.858442],[139.712231,35.858433],[139.712173,35.858416],[139.712116,35.858393],[139.712068,35.858359],[139.712029,35.858322],[139.711969,35.858249],[139.711917,35.858175],[139.711876,35.85818],[139.71172,35.858196],[139.711714,35.857966],[139.711477,35.857985],[139.711312,35.858008],[139.71137,35.858525],[139.711195,35.858536],[139.710921,35.858559],[139.710647,35.858582],[139.710568,35.858588],[139.71056,35.858515],[139.710515,35.858059],[139.710283,35.858076],[139.710274,35.858023],[139.710272,35.857991],[139.710248,35.857784],[139.710226,35.85758],[139.710026,35.857592],[139.709966,35.85707],[139.709965,35.857066],[139.709956,35.857021],[139.708876,35.857091],[139.708738,35.857959],[139.708541,35.859226],[139.708479,35.859626],[139.708312,35.859624],[139.707036,35.858761],[139.70612,35.859662],[139.705675,35.860075],[139.705658,35.860095],[139.705607,35.860142],[139.705321,35.860549],[139.705286,35.860603],[139.705025,35.860882],[139.704804,35.861121],[139.704102,35.861519],[139.704655,35.862011],[139.704732,35.86208],[139.704679,35.862121],[139.704603,35.862179],[139.704578,35.862199],[139.7045,35.86226],[139.704374,35.862347],[139.704286,35.862295],[139.704268,35.86228],[139.704171,35.862184],[139.704099,35.862116],[139.704065,35.862082],[139.703931,35.862172],[139.703855,35.862197],[139.703806,35.862203],[139.703713,35.862103],[139.703643,35.862016],[139.703501,35.861849],[139.703329,35.861939],[139.703072,35.862043],[139.702936,35.862035],[139.702863,35.862046],[139.702824,35.862025],[139.702564,35.861896],[139.702271,35.861764],[139.701411,35.861312],[139.701487,35.861223],[139.701514,35.861193],[139.701578,35.861116],[139.701682,35.860997],[139.70168,35.860992],[139.701033,35.860662],[139.700962,35.860617],[139.700678,35.860462],[139.70051,35.860366],[139.70033,35.860275],[139.700274,35.860242],[139.700301,35.860188],[139.700207,35.86011],[139.700175,35.860083],[139.700024,35.86003],[139.699895,35.859998],[139.699737,35.859955],[139.699593,35.859905],[139.699179,35.859761],[139.699194,35.859734],[139.699322,35.859487],[139.699363,35.859407],[139.69948,35.859183],[139.699518,35.859101],[139.699529,35.85908],[139.699585,35.858975],[139.69964,35.85887],[139.69964,35.858868],[139.699669,35.858815],[139.699681,35.858779],[139.699695,35.858737],[139.699711,35.858672],[139.699712,35.858651],[139.699714,35.858591],[139.699686,35.858519],[139.699672,35.858489],[139.699602,35.858404],[139.699579,35.858377],[139.69956,35.858352],[139.699555,35.858355],[139.699546,35.858361],[139.699534,35.858366],[139.69952,35.858371],[139.699511,35.858374],[139.699502,35.858376],[139.699483,35.858376],[139.699469,35.858377],[139.699455,35.858375],[139.699442,35.858373],[139.699427,35.858368],[139.69941,35.85836],[139.699386,35.858343],[139.699326,35.858299],[139.699229,35.85823],[139.699122,35.858152],[139.699097,35.858135],[139.698928,35.858014],[139.698893,35.857989],[139.698783,35.85791],[139.698543,35.857751],[139.698358,35.857634],[139.698203,35.857536],[139.698164,35.857513],[139.698123,35.857487],[139.698073,35.857461],[139.698067,35.857458],[139.698048,35.85745],[139.698018,35.857438],[139.697991,35.857429],[139.697951,35.857418],[139.697889,35.857405],[139.697815,35.85739],[139.697666,35.85736],[139.697627,35.857353],[139.697588,35.857342],[139.697563,35.85733],[139.697533,35.857313],[139.697526,35.857308],[139.697506,35.857294],[139.697487,35.857273],[139.697469,35.857251],[139.697455,35.857221],[139.697441,35.85717],[139.697411,35.857019],[139.697389,35.856904],[139.697384,35.856865],[139.697384,35.85681],[139.697388,35.856781],[139.697396,35.856748],[139.697408,35.85671],[139.697422,35.856662],[139.697431,35.856625],[139.697434,35.856596],[139.697435,35.856564],[139.697432,35.856533],[139.697427,35.8565],[139.697414,35.856463],[139.697395,35.856421],[139.697366,35.856379],[139.697334,35.856338],[139.697279,35.856288],[139.697199,35.856226],[139.697109,35.856156],[139.697024,35.856098],[139.696919,35.856036],[139.696812,35.855974],[139.696364,35.855718],[139.69629,35.855676],[139.696245,35.855648],[139.696213,35.855626],[139.696183,35.855603],[139.696154,35.855579],[139.696131,35.855557],[139.696091,35.855515],[139.695958,35.855359],[139.69594,35.85534],[139.69587,35.855265],[139.695858,35.855251],[139.69584,35.855231],[139.695632,35.855082],[139.69543,35.854938],[139.695267,35.854827],[139.695026,35.854663],[139.695025,35.854662],[139.695019,35.854658],[139.695017,35.854656],[139.694931,35.854609],[139.694849,35.854568],[139.694741,35.854516],[139.694628,35.854464],[139.694596,35.854451],[139.694572,35.854443],[139.694542,35.854436],[139.694516,35.854432],[139.694485,35.854428],[139.694456,35.854426],[139.694417,35.854424],[139.694314,35.854422],[139.694278,35.85442],[139.694246,35.854416],[139.694214,35.85441],[139.694188,35.854402],[139.694165,35.854395],[139.694133,35.854381],[139.694104,35.854366],[139.694079,35.854348],[139.694049,35.854324],[139.694008,35.854282],[139.693951,35.854223],[139.69382,35.854082],[139.693806,35.854069],[139.693814,35.854061],[139.693887,35.853989],[139.694079,35.8538],[139.694226,35.853657],[139.69474,35.853985],[139.695013,35.853702],[139.695214,35.853836],[139.695519,35.854042],[139.695618,35.854109],[139.695783,35.854227],[139.695983,35.854358],[139.695683,35.854641],[139.696369,35.855058],[139.696373,35.855004],[139.696375,35.854972],[139.696378,35.854897],[139.696384,35.854884],[139.696405,35.854853],[139.696411,35.854844],[139.696414,35.85484],[139.696433,35.854813],[139.696451,35.854785],[139.69646,35.854775],[139.696482,35.854751],[139.69651,35.854722],[139.696537,35.854693],[139.696547,35.854683],[139.69659,35.854638],[139.696658,35.854568],[139.69672,35.854501],[139.696755,35.854465],[139.696771,35.854448],[139.696799,35.854417],[139.696815,35.8544],[139.69685,35.854363],[139.696864,35.854349],[139.69734,35.854652],[139.697598,35.854393],[139.69782,35.85417],[139.698011,35.853979],[139.697821,35.853842],[139.697537,35.853658],[139.697402,35.853798],[139.697333,35.853753],[139.696872,35.853455],[139.696769,35.853559],[139.696658,35.853673],[139.696375,35.85396],[139.696368,35.853979],[139.696265,35.854089],[139.695923,35.853883],[139.695765,35.853776],[139.695736,35.853756],[139.69574,35.853752],[139.695805,35.853684],[139.695866,35.853621],[139.695952,35.853532],[139.696026,35.853455],[139.696093,35.853385],[139.696163,35.853313],[139.696165,35.85331],[139.696235,35.853237],[139.696241,35.85323],[139.696298,35.853172],[139.696301,35.853168],[139.69635,35.853118],[139.696361,35.853124],[139.696471,35.853008],[139.696434,35.852984],[139.696113,35.852777],[139.696005,35.852708],[139.695982,35.852694],[139.695942,35.852668],[139.695812,35.852585],[139.695769,35.852564],[139.695663,35.852526],[139.695656,35.852524],[139.695588,35.852476],[139.6955,35.852415],[139.695478,35.852399],[139.695714,35.852285],[139.696216,35.852036],[139.696221,35.851858],[139.696232,35.851697],[139.696256,35.851215],[139.696017,35.851212],[139.695604,35.851202],[139.695609,35.851001],[139.695616,35.850743],[139.695628,35.850382],[139.695635,35.850061],[139.695643,35.849751],[139.695651,35.849438],[139.695663,35.848953],[139.695678,35.848458],[139.695495,35.848448],[139.695432,35.848449],[139.695265,35.848451],[139.695228,35.848452],[139.695151,35.848454],[139.695148,35.848454],[139.695025,35.848461],[139.695021,35.848461],[139.694864,35.848466],[139.694693,35.848464],[139.694612,35.84846],[139.694533,35.848455],[139.69426,35.848443],[139.693893,35.84842],[139.693578,35.848403],[139.693247,35.848378],[139.69315,35.848341],[139.693085,35.848317],[139.692798,35.848293],[139.69244,35.848264],[139.692101,35.848243],[139.691815,35.84823],[139.691757,35.848226],[139.691702,35.848233],[139.69157,35.848076],[139.691509,35.848032],[139.691442,35.847983],[139.691286,35.847888],[139.691189,35.84783],[139.691025,35.847816],[139.691002,35.847813],[139.69078,35.847787],[139.690672,35.847784],[139.690582,35.847784],[139.690479,35.847785],[139.690328,35.847787],[139.690003,35.84779],[139.689817,35.847727],[139.689656,35.847776],[139.689384,35.847715],[139.68897,35.847663],[139.688753,35.84763],[139.688365,35.847538],[139.688221,35.847503],[139.6881,35.84784],[139.687988,35.848276],[139.687679,35.848354],[139.687338,35.848328],[139.687116,35.848302],[139.686961,35.848292],[139.686885,35.848304],[139.686279,35.84849],[139.686039,35.848574],[139.685792,35.848695],[139.685221,35.848972],[139.685173,35.849059],[139.684968,35.849238],[139.684942,35.849258],[139.684882,35.849305],[139.684748,35.84938],[139.684654,35.849433],[139.684515,35.849447],[139.684235,35.84947],[139.684134,35.849479],[139.684028,35.849483],[139.683786,35.849487],[139.683765,35.849395],[139.683707,35.849358],[139.683628,35.849323],[139.683493,35.849295],[139.683366,35.849266],[139.683205,35.849241],[139.683046,35.849295],[139.682885,35.849351],[139.682828,35.849371],[139.682692,35.849425],[139.682544,35.849484],[139.68249,35.849507],[139.682376,35.849544],[139.682189,35.849585],[139.682008,35.849631],[139.68188,35.84967],[139.681787,35.8497],[139.681678,35.849753],[139.681506,35.849776],[139.681425,35.849737],[139.681396,35.84973],[139.681313,35.849731],[139.681237,35.849731],[139.681068,35.849791],[139.680942,35.849838],[139.680718,35.849924],[139.680666,35.849944],[139.680595,35.849997],[139.680524,35.850056],[139.680431,35.850142],[139.680283,35.850219],[139.68024,35.850242],[139.680196,35.850221],[139.680087,35.850273],[139.679988,35.850323],[139.67982,35.850407],[139.67979,35.85042],[139.679687,35.850293],[139.679447,35.850406],[139.67928,35.850487],[139.679219,35.850518],[139.679086,35.85063],[139.67897,35.850728],[139.678748,35.85075],[139.678633,35.850762],[139.678426,35.850855],[139.678262,35.850929],[139.678296,35.850987],[139.678189,35.85104],[139.678207,35.851101],[139.678118,35.851134],[139.678088,35.851087],[139.678004,35.851154],[139.677889,35.851248],[139.677725,35.851386],[139.677585,35.851285],[139.677551,35.851281],[139.677329,35.851464],[139.677236,35.851544],[139.677048,35.851545],[139.676943,35.851629],[139.676814,35.851558],[139.676569,35.85142],[139.676403,35.851325],[139.676356,35.851372],[139.676092,35.851654],[139.676037,35.851621],[139.67572,35.851435],[139.675588,35.85136],[139.675551,35.851327],[139.675548,35.851296],[139.675536,35.851261],[139.675469,35.851154],[139.675452,35.851116],[139.67546,35.851065],[139.675471,35.851],[139.675527,35.850902],[139.675572,35.850845],[139.67558,35.850743],[139.675544,35.850682],[139.675479,35.850573],[139.675415,35.850477],[139.675309,35.850296],[139.675541,35.850012],[139.675699,35.849819],[139.675784,35.849711],[139.675835,35.849657],[139.675858,35.849633],[139.675938,35.849583],[139.676029,35.849527],[139.676088,35.849478],[139.676027,35.849396],[139.675794,35.849125],[139.676037,35.848862],[139.676098,35.848815],[139.676168,35.848779],[139.676313,35.848718],[139.676457,35.848623],[139.676527,35.84838],[139.676539,35.848337],[139.676575,35.848281],[139.676685,35.848168],[139.676752,35.8481],[139.676727,35.848244],[139.676922,35.848139],[139.677131,35.848027],[139.677295,35.847935],[139.67754,35.847831],[139.677383,35.847651],[139.677249,35.847506],[139.676951,35.847623],[139.676816,35.847669],[139.676552,35.847732],[139.676548,35.847652],[139.676538,35.847633],[139.6764,35.847627],[139.67646,35.847386],[139.676519,35.847153],[139.676284,35.847121],[139.67629,35.847045],[139.676419,35.846993],[139.676491,35.846964],[139.676608,35.846901],[139.676754,35.846818],[139.676636,35.846662],[139.676602,35.846618],[139.676512,35.846468],[139.676304,35.84612],[139.676114,35.845802],[139.676087,35.845759],[139.676048,35.84566],[139.676275,35.845619],[139.676573,35.845566],[139.676629,35.845561],[139.676719,35.845539],[139.676799,35.845523],[139.67687,35.845501],[139.676959,35.845492],[139.677083,35.845482],[139.677375,35.845462],[139.677438,35.845349],[139.677478,35.845275],[139.67749,35.845244],[139.677498,35.845205],[139.67752,35.845057],[139.67755,35.844865],[139.677579,35.844671],[139.677614,35.84458],[139.677656,35.844491],[139.677676,35.844446],[139.677705,35.844387],[139.677765,35.844295],[139.677844,35.844179],[139.677541,35.844046],[139.677271,35.843925],[139.677151,35.843858],[139.676845,35.843686],[139.676628,35.843563],[139.676374,35.843381],[139.67611,35.843188],[139.675829,35.842986],[139.675619,35.842832],[139.675609,35.842803],[139.675558,35.842662],[139.675557,35.842658],[139.675459,35.842384],[139.675326,35.842011],[139.675225,35.841721],[139.675265,35.84168],[139.67538,35.841678],[139.675504,35.841657],[139.675651,35.841626],[139.675758,35.841573],[139.675833,35.841531],[139.6759,35.841484],[139.676016,35.841376],[139.676063,35.841331],[139.676121,35.841294],[139.676192,35.84127],[139.676257,35.84125],[139.676375,35.841232],[139.676619,35.841263],[139.676691,35.84127],[139.676806,35.841301],[139.676932,35.841341],[139.676977,35.841355],[139.677028,35.841386],[139.677105,35.841458],[139.677211,35.841562],[139.67724,35.841592],[139.677301,35.841652],[139.677339,35.84169],[139.677373,35.841715],[139.677481,35.841759],[139.677504,35.84177],[139.677669,35.841637],[139.677809,35.841524],[139.67796,35.841415],[139.678211,35.841253],[139.678325,35.841173],[139.678461,35.841079],[139.678518,35.841031],[139.67864,35.840899],[139.678797,35.840729],[139.678953,35.840562],[139.679052,35.840452],[139.679069,35.840415],[139.679055,35.840357],[139.679072,35.840262],[139.679064,35.840231],[139.679042,35.840193],[139.678996,35.840164],[139.678882,35.840089],[139.678797,35.840034],[139.678581,35.839759],[139.678336,35.839715],[139.678027,35.839661],[139.677557,35.839581],[139.677393,35.839552],[139.677297,35.839535],[139.677277,35.839532],[139.677242,35.839519],[139.676885,35.839365],[139.676575,35.839283],[139.676187,35.839182],[139.675985,35.839129],[139.675998,35.839056],[139.675781,35.839003],[139.675606,35.838959],[139.675631,35.838641],[139.675637,35.838582],[139.675642,35.838544],[139.675667,35.838418],[139.675712,35.838237],[139.675738,35.838144],[139.675789,35.837989],[139.67582,35.837898],[139.675869,35.837706],[139.675933,35.837546],[139.676,35.83737],[139.676018,35.837313],[139.676051,35.837152],[139.676094,35.836946],[139.676133,35.83676],[139.676093,35.836701],[139.676112,35.836584],[139.676157,35.836284],[139.676195,35.836003],[139.676214,35.835899],[139.676233,35.835744],[139.676352,35.835341],[139.676487,35.83479],[139.676588,35.834385],[139.676654,35.834107],[139.676772,35.833611],[139.676817,35.833458],[139.676846,35.833395],[139.676915,35.832945],[139.676682,35.832998],[139.676308,35.833077],[139.67601,35.833135],[139.675498,35.83322],[139.674901,35.833384],[139.674574,35.833454],[139.674395,35.833505],[139.674203,35.833575],[139.673796,35.833785],[139.673589,35.833863],[139.673366,35.833975],[139.673052,35.834115],[139.672939,35.834178],[139.672883,35.834207],[139.672629,35.83427],[139.672478,35.834336],[139.672042,35.83455],[139.671882,35.834619],[139.67156,35.834732],[139.671322,35.834809],[139.670853,35.834944],[139.670484,35.835042],[139.67018,35.835135],[139.67006,35.835175],[139.669738,35.835282],[139.669276,35.835432],[139.669184,35.835462],[139.669074,35.835472],[139.668962,35.835483],[139.66882,35.835501],[139.668666,35.835532],[139.668517,35.835563],[139.668365,35.835572],[139.668352,35.835458],[139.668337,35.835278],[139.66832,35.835082],[139.668318,35.834938],[139.668317,35.834816],[139.668317,35.834771],[139.668327,35.834598],[139.668341,35.83441],[139.668349,35.834379],[139.668365,35.834281],[139.66837,35.834192],[139.668365,35.834135],[139.668355,35.834073],[139.668355,35.83404],[139.668374,35.834022],[139.668359,35.833905],[139.668328,35.833595],[139.668314,35.833533],[139.668298,35.833313],[139.668298,35.833259],[139.668315,35.833125],[139.668299,35.833099],[139.668099,35.833002],[139.667968,35.832935],[139.66779,35.832839],[139.667724,35.832797],[139.667736,35.832785],[139.667699,35.832726],[139.667608,35.832657],[139.667576,35.832632],[139.667412,35.832497],[139.667299,35.832402],[139.667196,35.832318],[139.667123,35.832249],[139.66701,35.832118],[139.666918,35.832038],[139.666778,35.83195],[139.666604,35.831847],[139.66651,35.831791],[139.666416,35.831725],[139.666305,35.83164],[139.666203,35.831553],[139.665923,35.831316],[139.665712,35.831182],[139.665466,35.831048],[139.66546,35.831032],[139.665452,35.831014],[139.665405,35.830983],[139.665384,35.830969],[139.665232,35.830871],[139.665165,35.830829],[139.665106,35.83077],[139.665076,35.830754],[139.664923,35.830624],[139.664889,35.830596],[139.664618,35.830372],[139.664574,35.830338],[139.664269,35.830101],[139.664084,35.82996],[139.664053,35.829937],[139.663925,35.82984],[139.663866,35.829796],[139.663612,35.829606],[139.663384,35.829445],[139.663098,35.829248],[139.663014,35.829245],[139.662555,35.829259],[139.662506,35.828669],[139.661851,35.828704],[139.661195,35.828737],[139.660059,35.8288],[139.660081,35.829074],[139.660369,35.829144],[139.660315,35.829225],[139.660083,35.829532],[139.659879,35.829795],[139.659859,35.829784],[139.659792,35.829872],[139.659498,35.830263],[139.658948,35.829989],[139.658296,35.829663],[139.658034,35.829549],[139.657788,35.829853],[139.657328,35.830424],[139.657004,35.830829],[139.656774,35.83112],[139.656394,35.831602],[139.656051,35.832034],[139.655715,35.832457],[139.655371,35.832899],[139.655031,35.83332],[139.654724,35.833702],[139.65444,35.83405],[139.65437,35.834139],[139.65416,35.834405],[139.65401,35.834596],[139.653857,35.834791],[139.653698,35.834986],[139.65348,35.835257],[139.653458,35.835284],[139.653385,35.835244],[139.653341,35.835219],[139.653322,35.835209],[139.653023,35.835199],[139.652755,35.835205],[139.652366,35.835204],[139.652143,35.835164],[139.651934,35.835114],[139.651905,35.835105],[139.652073,35.834728],[139.652115,35.834635],[139.652147,35.834554],[139.652259,35.834317],[139.652284,35.834202],[139.652243,35.83418],[139.652061,35.834107],[139.652104,35.834047],[139.652109,35.834024],[139.652109,35.833957],[139.652099,35.833949],[139.651931,35.833952],[139.651837,35.833945],[139.651775,35.833938],[139.651696,35.833921],[139.651535,35.833877],[139.651317,35.833832],[139.651063,35.833793],[139.650801,35.833745],[139.650515,35.833687],[139.650267,35.833622],[139.650217,35.833611],[139.650095,35.83361],[139.650016,35.833613],[139.649987,35.833615],[139.649952,35.833613],[139.649886,35.833597],[139.64984,35.833578],[139.649799,35.83355],[139.649786,35.833526],[139.649784,35.833496],[139.649859,35.833306],[139.650033,35.832821],[139.649999,35.832777],[139.649969,35.832746],[139.649928,35.832735],[139.64987,35.832733],[139.649794,35.832737],[139.649232,35.832593],[139.648952,35.832521],[139.648684,35.832461],[139.648369,35.832408],[139.648136,35.832377],[139.647902,35.832338],[139.647553,35.832265],[139.647561,35.83224],[139.647084,35.832124],[139.646472,35.832073],[139.646194,35.83205],[139.646029,35.832043],[139.645872,35.83201],[139.645819,35.832016],[139.645155,35.831849],[139.645158,35.831821],[139.645236,35.831638],[139.645276,35.831545],[139.645342,35.831449],[139.645387,35.831384],[139.645548,35.83115],[139.645589,35.831086],[139.645768,35.8308],[139.645912,35.830572],[139.646029,35.830382],[139.646257,35.830055],[139.64631,35.829919],[139.64636,35.829926],[139.646372,35.829897],[139.64647,35.829646],[139.64612,35.829569],[139.645897,35.829578],[139.645867,35.829576],[139.645719,35.829514],[139.645684,35.829505],[139.645451,35.829482],[139.645206,35.829455],[139.645185,35.829453],[139.645124,35.829447],[139.645025,35.829462],[139.644808,35.829525],[139.644558,35.829623],[139.644325,35.829706],[139.644249,35.829695],[139.644169,35.829728],[139.643658,35.82985],[139.643553,35.829862],[139.643396,35.829869],[139.643367,35.829857],[139.643362,35.829866],[139.64336,35.82987],[139.643285,35.830026],[139.643245,35.830015],[139.643184,35.830091],[139.643027,35.830049],[139.642956,35.83014],[139.642846,35.830299],[139.642863,35.830307],[139.642913,35.830323],[139.642783,35.83057],[139.642682,35.830539],[139.642518,35.830806],[139.642492,35.830842],[139.642466,35.830828],[139.642374,35.830798],[139.642224,35.830751],[139.642189,35.83074],[139.641984,35.830675],[139.641951,35.830662],[139.641982,35.830533],[139.641987,35.830517],[139.642005,35.830427],[139.642011,35.830404],[139.64202,35.830359],[139.641998,35.830364],[139.641968,35.830375],[139.641952,35.830376],[139.641932,35.830378],[139.641895,35.830376],[139.641861,35.830375],[139.64175,35.830369],[139.641743,35.830369],[139.641703,35.830367],[139.641581,35.83036],[139.641505,35.830357],[139.641495,35.830356],[139.641398,35.830328],[139.641387,35.830328],[139.641291,35.830316],[139.641232,35.83031],[139.641222,35.830307],[139.6412,35.830341],[139.641083,35.830538],[139.641097,35.83075],[139.641105,35.830804],[139.641121,35.830918],[139.641134,35.831008],[139.641138,35.831025],[139.641141,35.831121],[139.641147,35.831322],[139.641144,35.831379],[139.641137,35.831468],[139.641227,35.831607],[139.641208,35.831697],[139.641164,35.831897],[139.641142,35.832005],[139.641056,35.831992],[139.641077,35.832187],[139.641077,35.832213],[139.640927,35.83217],[139.640876,35.832157],[139.640799,35.832136],[139.640653,35.832096],[139.640528,35.832062],[139.640481,35.83205],[139.640382,35.832023],[139.64028,35.831995],[139.640215,35.831981],[139.640194,35.831976],[139.640151,35.831972],[139.640112,35.831968],[139.640102,35.831967],[139.639894,35.831966],[139.639771,35.831966],[139.639761,35.831966],[139.639737,35.831965],[139.639715,35.831965],[139.639639,35.831964],[139.639591,35.831964],[139.639569,35.831963],[139.639534,35.831962],[139.639474,35.831961],[139.639454,35.831959],[139.639436,35.831957],[139.63938,35.831951],[139.639344,35.831945],[139.639287,35.831935],[139.639121,35.831891],[139.639075,35.831878],[139.638942,35.831843],[139.638857,35.831821],[139.638777,35.831799],[139.638715,35.831782],[139.638702,35.831775],[139.638685,35.831771],[139.638041,35.831601],[139.637993,35.831588],[139.637769,35.831529],[139.637727,35.831518],[139.637557,35.831473],[139.637393,35.831428],[139.637242,35.831388],[139.637149,35.831363],[139.637093,35.831349],[139.636933,35.831304],[139.636882,35.83129],[139.636696,35.831241],[139.636689,35.83124],[139.63666,35.831232],[139.636552,35.831202],[139.636485,35.831185],[139.636396,35.831161],[139.63625,35.831123],[139.636128,35.831089],[139.636097,35.831081],[139.636049,35.831068],[139.636023,35.831061],[139.635963,35.831045],[139.635852,35.831015],[139.635844,35.831012],[139.635696,35.830974],[139.635691,35.830972],[139.635462,35.830911],[139.635452,35.830909],[139.635329,35.830877],[139.63532,35.830874],[139.635049,35.830802],[139.635033,35.830798],[139.634551,35.830671],[139.634527,35.830664],[139.634468,35.830647],[139.634415,35.830639],[139.634384,35.830634],[139.634364,35.830635],[139.634348,35.830637],[139.634325,35.830639],[139.634316,35.830639],[139.634304,35.830642],[139.634298,35.830644],[139.634288,35.830646],[139.634224,35.830659],[139.634045,35.830696],[139.634025,35.8307],[139.63402,35.830681],[139.634003,35.830684],[139.633872,35.830711],[139.633805,35.830725],[139.633765,35.830733],[139.633682,35.830751],[139.633539,35.830781],[139.633439,35.830802],[139.633459,35.830598],[139.63345,35.830564],[139.633285,35.83008],[139.63308,35.829465],[139.63302,35.829453],[139.632563,35.829354],[139.632474,35.829338],[139.63236,35.829625],[139.631596,35.8296],[139.631567,35.8296],[139.631528,35.829225],[139.630799,35.829261],[139.630601,35.829439],[139.63033,35.829665],[139.630067,35.829881],[139.629946,35.829983],[139.629828,35.830086],[139.629686,35.830185],[139.629418,35.830355],[139.6293,35.83043],[139.62921,35.830479],[139.629113,35.830524],[139.628937,35.830597],[139.628784,35.830665],[139.628615,35.830735],[139.628507,35.830781],[139.628433,35.830827],[139.628284,35.830959],[139.628231,35.831014],[139.628045,35.831183],[139.62795,35.831271],[139.62787,35.831345],[139.627721,35.831503],[139.627593,35.831645],[139.627348,35.831955],[139.627254,35.832077],[139.627042,35.832301],[139.626684,35.832672],[139.62661,35.832757],[139.626558,35.832836],[139.626515,35.8329],[139.626363,35.833059],[139.626172,35.833268],[139.626001,35.833456],[139.625832,35.833642],[139.625708,35.833763],[139.625606,35.833848],[139.625501,35.833935],[139.625361,35.834043],[139.625202,35.834158],[139.625112,35.834231],[139.625028,35.834294],[139.624898,35.83439],[139.624767,35.834481],[139.62468,35.834527],[139.62461,35.834582],[139.624513,35.834675],[139.624455,35.83473],[139.624402,35.834782],[139.624368,35.834818],[139.624204,35.834646],[139.624135,35.834574],[139.623761,35.834173],[139.623337,35.833733],[139.623065,35.833454],[139.622846,35.833229],[139.62266,35.833042],[139.62235,35.832716],[139.621967,35.83231],[139.621569,35.831903],[139.620849,35.831138],[139.620691,35.830965],[139.620364,35.830622],[139.619887,35.83014],[139.619599,35.829849],[139.619359,35.829604],[139.619201,35.829454],[139.61892,35.829202],[139.618885,35.829228],[139.618851,35.82925],[139.618705,35.829339],[139.618611,35.829396],[139.618493,35.829466],[139.618423,35.829503],[139.6183,35.829566],[139.618236,35.829601],[139.618015,35.829726],[139.617922,35.829783],[139.617922,35.829783],[139.617784,35.829872],[139.617454,35.830028],[139.617119,35.830213],[139.617065,35.83023],[139.617024,35.830717],[139.617016,35.830832],[139.616968,35.831437],[139.616923,35.832104],[139.616899,35.83253],[139.616888,35.832739],[139.616861,35.832956],[139.616851,35.833108],[139.616827,35.83323],[139.616805,35.833344],[139.616777,35.833468],[139.616751,35.833641],[139.616627,35.83399],[139.616579,35.834066],[139.616486,35.834209],[139.616475,35.834226],[139.61639,35.834341],[139.616192,35.83454],[139.616076,35.83462],[139.61598,35.83471],[139.61576,35.834936],[139.615607,35.835093],[139.615474,35.835305],[139.61507,35.835358],[139.614944,35.835388],[139.614863,35.835414],[139.614834,35.835419],[139.614767,35.835428],[139.614682,35.835434],[139.614549,35.835432],[139.614396,35.835421],[139.614304,35.835393],[139.614127,35.835288],[139.613468,35.834937],[139.612927,35.834637],[139.612805,35.834557],[139.612607,35.83444],[139.612354,35.834181],[139.611981,35.833766],[139.611567,35.833308],[139.611227,35.832943],[139.611182,35.832894],[139.610827,35.832507],[139.610466,35.832123],[139.61011,35.831739],[139.609845,35.831929],[139.609431,35.832233],[139.609343,35.832302],[139.609085,35.832515],[139.608903,35.832678],[139.60872,35.832847],[139.608664,35.832909],[139.60856,35.833036],[139.608449,35.833169],[139.608263,35.833433],[139.608083,35.83371],[139.607903,35.833987],[139.607729,35.834243],[139.607522,35.834561],[139.607502,35.834599],[139.607613,35.834645],[139.607519,35.834814],[139.607431,35.834966],[139.607408,35.835018],[139.607319,35.835169],[139.607227,35.835343],[139.60705,35.835637],[139.606958,35.835788],[139.606862,35.835946],[139.606626,35.836322],[139.606554,35.836478],[139.606529,35.836553],[139.606522,35.83661],[139.606527,35.836826],[139.606547,35.836982],[139.606578,35.837181],[139.606635,35.837468],[139.606702,35.837778],[139.606767,35.838057],[139.606867,35.838507],[139.606898,35.838659],[139.6069,35.838714],[139.606922,35.838852],[139.606937,35.839049],[139.606948,35.839226],[139.606963,35.839398],[139.606972,35.839479],[139.606988,35.839794],[139.607002,35.840172],[139.606998,35.840442],[139.607005,35.840608],[139.607016,35.840749],[139.60703,35.840968],[139.60705,35.841307],[139.607063,35.841424],[139.606952,35.84152],[139.606729,35.84172],[139.606571,35.841844],[139.606391,35.841973],[139.606226,35.842081],[139.606034,35.842212],[139.605743,35.842403],[139.605544,35.84252],[139.605361,35.84261],[139.605119,35.842725],[139.604947,35.8428],[139.604743,35.842898],[139.604563,35.842985],[139.6044,35.843072],[139.604289,35.843126],[139.604104,35.843215],[139.603787,35.843371],[139.603616,35.843454],[139.603544,35.84349],[139.603492,35.843512],[139.603386,35.843549],[139.603285,35.843581],[139.603107,35.843631],[139.603029,35.843651],[139.602831,35.843702],[139.602675,35.843739],[139.602616,35.843752],[139.602264,35.843868],[139.601833,35.844024],[139.601599,35.844117],[139.601351,35.844244],[139.601159,35.844341],[139.601014,35.844436],[139.600862,35.844552],[139.600639,35.844717],[139.60048,35.844841],[139.600326,35.844975],[139.600206,35.845083],[139.599999,35.845299],[139.599795,35.845547],[139.599634,35.84576],[139.599469,35.845997],[139.599373,35.846146],[139.599264,35.846319],[139.599051,35.84663],[139.598829,35.846939],[139.598668,35.847175],[139.598487,35.847442],[139.598277,35.847768],[139.598221,35.847861],[139.598094,35.848031],[139.598003,35.848143],[139.597868,35.848288],[139.597744,35.848415],[139.597624,35.848521],[139.597483,35.848644],[139.597346,35.848741],[139.597105,35.848899],[139.596847,35.849059],[139.596686,35.849163],[139.596312,35.849406],[139.596108,35.849541],[139.595966,35.849629],[139.595778,35.849761],[139.595431,35.850001],[139.595086,35.850236],[139.594744,35.850456],[139.594574,35.850573],[139.5944,35.850689],[139.594007,35.850944],[139.593776,35.851095],[139.59346,35.851302],[139.593096,35.851535],[139.593075,35.851549],[139.592752,35.851765],[139.592455,35.851968],[139.592264,35.852102],[139.591963,35.852318],[139.591796,35.852442],[139.591526,35.85266],[139.591445,35.852717],[139.591238,35.852879],[139.59108,35.853011],[139.590939,35.853154],[139.590763,35.853368],[139.590623,35.853579],[139.590472,35.853822],[139.590388,35.853956],[139.590321,35.854081],[139.590276,35.854178],[139.590246,35.854236],[139.590221,35.854279],[139.590175,35.854364],[139.590124,35.854462],[139.590033,35.854637],[139.589974,35.854746],[139.589924,35.854839],[139.589856,35.854966],[139.589746,35.855188],[139.589692,35.855299],[139.589575,35.855524],[139.589525,35.855638],[139.589453,35.855797],[139.589381,35.855968],[139.589362,35.856018],[139.589282,35.856199],[139.589158,35.856479],[139.589058,35.856712],[139.589005,35.856816],[139.588876,35.857061],[139.588765,35.857265],[139.588606,35.857514],[139.588475,35.857703],[139.588388,35.857818],[139.58832,35.85791],[139.588233,35.85803],[139.588144,35.858142],[139.588074,35.858228],[139.587987,35.858344],[139.587905,35.858437],[139.587746,35.858597],[139.587639,35.858711],[139.587539,35.858807],[139.587465,35.858886],[139.587371,35.858981],[139.587238,35.859116],[139.587108,35.859237],[139.587087,35.859254],[139.586942,35.859374],[139.586754,35.859539],[139.586596,35.859678],[139.5865,35.859758],[139.586424,35.859806],[139.586265,35.85991],[139.586136,35.859997],[139.585873,35.860174],[139.585833,35.860204],[139.585615,35.860354],[139.58541,35.860481],[139.584964,35.860742],[139.584474,35.861003],[139.583991,35.861253],[139.583551,35.861451],[139.583039,35.861643],[139.582527,35.861835],[139.582018,35.862019],[139.581509,35.8622],[139.581014,35.862382],[139.580563,35.862565],[139.580416,35.862632],[139.580118,35.862782],[139.579785,35.862995],[139.579637,35.863101],[139.579466,35.863253],[139.579164,35.863557],[139.578891,35.863851],[139.578687,35.864126],[139.578521,35.864397],[139.578448,35.864521],[139.578346,35.864741],[139.578258,35.865035],[139.578214,35.865193],[139.578175,35.865385],[139.578113,35.865709],[139.578074,35.866039],[139.578033,35.866368],[139.577989,35.866697],[139.577924,35.867049],[139.577884,35.867277],[139.577805,35.86773],[139.577737,35.868059],[139.577641,35.868427],[139.577536,35.868828],[139.577425,35.869235],[139.577305,35.869645],[139.577166,35.870053],[139.577021,35.87046],[139.576902,35.870731],[139.576823,35.8709],[139.576607,35.871326],[139.576468,35.871593],[139.576388,35.871747],[139.576221,35.87208],[139.575649,35.872019],[139.575344,35.871991],[139.575186,35.871988],[139.575005,35.871985],[139.574893,35.871991],[139.574816,35.872009],[139.574734,35.872037],[139.574566,35.872122],[139.574368,35.872222],[139.574215,35.872303],[139.574011,35.872394],[139.573876,35.872435],[139.573767,35.872451],[139.573601,35.87247],[139.573481,35.872464],[139.573292,35.872433],[139.573084,35.872402],[139.572788,35.872364],[139.572587,35.872341],[139.572094,35.872282],[139.571932,35.87229],[139.571238,35.872319],[139.570853,35.872353],[139.570399,35.872345],[139.569683,35.872304],[139.569069,35.872247],[139.568397,35.872178],[139.567533,35.87208],[139.566715,35.872023],[139.565712,35.871984],[139.565173,35.871983],[139.5647,35.872022],[139.564313,35.872058],[139.564235,35.872065],[139.56391,35.87212],[139.563611,35.872195],[139.563338,35.872283],[139.562862,35.872476],[139.562407,35.872692],[139.561988,35.872898],[139.561625,35.873067],[139.561136,35.873304],[139.560662,35.873495],[139.560563,35.873535],[139.559666,35.873855],[139.559356,35.873962],[139.558855,35.874135],[139.558698,35.874202],[139.558414,35.874329],[139.558132,35.874511],[139.557991,35.874649],[139.557785,35.87492],[139.557694,35.875068],[139.557664,35.875206],[139.557674,35.875401],[139.557759,35.875681],[139.557785,35.875726],[139.557983,35.875973],[139.558259,35.8763],[139.558914,35.877075],[139.559344,35.877545],[139.559609,35.877836],[139.559918,35.878197],[139.560105,35.87848],[139.560263,35.878747],[139.56033,35.878928],[139.560389,35.879191],[139.560381,35.87936],[139.560328,35.879621],[139.560228,35.879875],[139.560117,35.88017],[139.560057,35.880265],[139.559952,35.880379],[139.559827,35.880487],[139.559665,35.88058],[139.559509,35.880663],[139.559333,35.880747],[139.55925,35.880787],[139.558869,35.880918],[139.558312,35.881084],[139.557892,35.881206],[139.556679,35.881562],[139.555932,35.881796],[139.555469,35.881953],[139.55482,35.882206],[139.553564,35.882691],[139.552896,35.882952],[139.552794,35.882995],[139.552261,35.883221],[139.551937,35.883394],[139.551656,35.883545],[139.551419,35.883697],[139.551162,35.883891],[139.550936,35.884107],[139.550706,35.884316],[139.550462,35.884577],[139.550332,35.884749],[139.550206,35.884968],[139.550094,35.885176],[139.55,35.885358],[139.549887,35.885586],[139.549839,35.885709],[139.549818,35.885843],[139.549788,35.886047],[139.549751,35.886263],[139.54969,35.886564],[139.549686,35.886712],[139.549708,35.886825],[139.549731,35.886926],[139.549766,35.887041],[139.549768,35.887046],[139.54982,35.887184],[139.549858,35.88731],[139.549896,35.887424],[139.549956,35.887626],[139.550035,35.887824],[139.550252,35.887944],[139.55043,35.888024],[139.55058,35.88809],[139.550734,35.888153],[139.55091,35.888194],[139.551133,35.888237],[139.55135,35.888297],[139.551592,35.888364],[139.551848,35.888423],[139.55213,35.888442],[139.552462,35.888466],[139.552743,35.888453],[139.553129,35.888438],[139.553444,35.888423],[139.553698,35.888407],[139.553911,35.888397],[139.55413,35.888384],[139.55436,35.888378],[139.5546,35.888366],[139.554832,35.888363],[139.554943,35.888276],[139.55511,35.888168],[139.555275,35.888052],[139.555421,35.887947],[139.555592,35.88783],[139.555734,35.887725],[139.555882,35.887614],[139.556069,35.887563],[139.556265,35.887632],[139.556396,35.887671],[139.5565,35.887708],[139.556635,35.887755],[139.556736,35.887785],[139.556822,35.887831],[139.556924,35.887899],[139.557005,35.887955],[139.557094,35.888018],[139.557193,35.888095],[139.557272,35.888172],[139.557361,35.888242],[139.55745,35.888327],[139.55753,35.888422],[139.55762,35.888528],[139.557696,35.888628],[139.557756,35.888721],[139.557816,35.888809],[139.557947,35.88906],[139.558007,35.889169],[139.558032,35.88926],[139.558079,35.889387],[139.558122,35.889502],[139.558159,35.889607],[139.558187,35.889719],[139.558211,35.889804],[139.558212,35.890052],[139.558189,35.890258],[139.55816,35.890401],[139.558107,35.890566],[139.558076,35.890636],[139.558012,35.890756],[139.557949,35.890837],[139.557882,35.890913],[139.557808,35.890999],[139.557714,35.891114],[139.55763,35.891208],[139.55747,35.891379],[139.557299,35.891543],[139.557042,35.891751],[139.556904,35.891861],[139.556711,35.891987],[139.556513,35.892122],[139.556313,35.892253],[139.556114,35.892352],[139.555986,35.89241],[139.555814,35.892491],[139.5556,35.892589],[139.555447,35.892658],[139.555219,35.892768],[139.555039,35.892862],[139.55486,35.892962],[139.554647,35.893083],[139.554532,35.893152],[139.554315,35.893275],[139.554076,35.893408],[139.553919,35.893498],[139.553731,35.893603],[139.55363,35.89366],[139.553502,35.893732],[139.553412,35.89378],[139.553307,35.893839],[139.553228,35.893888],[139.553162,35.893934],[139.552961,35.894066],[139.552609,35.894324],[139.552362,35.894522],[139.55221,35.894649],[139.552095,35.894751],[139.551942,35.894891],[139.551832,35.894994],[139.551679,35.895148],[139.551521,35.895315],[139.55138,35.895477],[139.551264,35.895625],[139.551205,35.895732],[139.551107,35.895902],[139.551026,35.896069],[139.550987,35.896158],[139.550956,35.896315],[139.55094,35.896463],[139.550929,35.89668],[139.550946,35.896827],[139.550986,35.897028],[139.551073,35.897255],[139.551123,35.897346],[139.551185,35.897444],[139.551363,35.89768],[139.551489,35.897833],[139.551713,35.898079],[139.55187,35.898237],[139.552138,35.898509],[139.552336,35.898716],[139.552387,35.898767],[139.552534,35.898914],[139.552721,35.899088],[139.552866,35.899221],[139.552927,35.899279],[139.553065,35.899453],[139.553146,35.899562],[139.553285,35.899744],[139.553411,35.899943],[139.553492,35.900118],[139.553615,35.900429],[139.553698,35.90063],[139.553847,35.900974],[139.553884,35.90107],[139.553933,35.901216],[139.553966,35.901327],[139.554456,35.902677],[139.554503,35.902822],[139.554505,35.90283],[139.554598,35.903156],[139.554685,35.903424],[139.554748,35.903626],[139.554802,35.903822],[139.554844,35.903974],[139.554858,35.904072],[139.554871,35.904159],[139.55486,35.904249],[139.554846,35.904332],[139.554811,35.904409],[139.554789,35.904469],[139.554762,35.904531],[139.554713,35.904595],[139.554639,35.904663],[139.554487,35.904808],[139.55442,35.904876],[139.554358,35.904947],[139.55431,35.905019],[139.554276,35.905108],[139.554241,35.905189],[139.55421,35.905284],[139.554192,35.905399],[139.554186,35.9055],[139.554162,35.905619],[139.554143,35.905742],[139.554144,35.905994],[139.554161,35.906124],[139.554193,35.90624],[139.554206,35.906278],[139.554194,35.906313],[139.554169,35.906418],[139.554114,35.906573],[139.554091,35.906635],[139.55409,35.906677],[139.554079,35.906708],[139.55406,35.906739],[139.554004,35.90677],[139.553932,35.906806],[139.553858,35.90683],[139.553806,35.906836],[139.553666,35.906821],[139.553526,35.906811],[139.553446,35.906812],[139.553362,35.906815],[139.55321,35.906863],[139.553085,35.906895],[139.552977,35.906908],[139.552896,35.90691],[139.552803,35.906897],[139.552729,35.90687],[139.552651,35.90687],[139.552588,35.906868],[139.552478,35.906897],[139.55218,35.907],[139.551988,35.907065],[139.551895,35.907097],[139.551841,35.90714],[139.551742,35.907273],[139.551704,35.90732],[139.551691,35.907359],[139.551687,35.907423],[139.551685,35.907497],[139.551689,35.907569],[139.551717,35.90766],[139.551723,35.907701],[139.551739,35.907723],[139.551771,35.907745],[139.551792,35.907766],[139.551819,35.907815],[139.55185,35.907895],[139.551883,35.907991],[139.551902,35.90811],[139.551907,35.908185],[139.551884,35.908231],[139.551883,35.908232],[139.551854,35.908295],[139.551837,35.908325],[139.551833,35.908369],[139.551851,35.908512],[139.551841,35.908666],[139.551835,35.908718],[139.551838,35.908757],[139.551858,35.908798],[139.551891,35.908825],[139.551919,35.908851],[139.551947,35.908903],[139.551941,35.908944],[139.551944,35.909012],[139.551968,35.909082],[139.551997,35.90915],[139.552025,35.909228],[139.552051,35.909288],[139.552099,35.90935],[139.552117,35.90938],[139.552097,35.909437],[139.552068,35.909527],[139.552048,35.90959],[139.552042,35.909642],[139.552053,35.909732],[139.552065,35.909824],[139.552063,35.909876],[139.552052,35.909908],[139.552033,35.909944],[139.551969,35.910054],[139.551832,35.910248],[139.551743,35.910359],[139.551715,35.910417],[139.551691,35.910462],[139.551655,35.910495],[139.551589,35.910539],[139.55138,35.910686],[139.551216,35.910806],[139.551118,35.910867],[139.551053,35.91093],[139.551025,35.910961],[139.550999,35.910968],[139.550969,35.910966],[139.550926,35.910951],[139.550874,35.910946],[139.550834,35.910946],[139.550787,35.910957],[139.550756,35.91097],[139.550704,35.910992],[139.550648,35.911004],[139.550609,35.910995],[139.550561,35.910981],[139.550534,35.910962],[139.550498,35.910929],[139.550436,35.9109],[139.55026,35.910856],[139.550178,35.910829],[139.550153,35.910815],[139.55014,35.910784],[139.55012,35.910758],[139.550091,35.910743],[139.550047,35.91074],[139.550013,35.910754],[139.549952,35.910789],[139.549865,35.910837],[139.549769,35.910909],[139.549644,35.91099],[139.549518,35.911096],[139.549459,35.911145],[139.549394,35.911186],[139.549329,35.911212],[139.549248,35.911239],[139.549181,35.911287],[139.549091,35.911375],[139.549025,35.911439],[139.548983,35.911489],[139.548948,35.911518],[139.548791,35.911605],[139.548757,35.911638],[139.548733,35.911654],[139.548712,35.911678],[139.548711,35.9117],[139.548692,35.91176],[139.548671,35.911841],[139.548638,35.911916],[139.548604,35.911961],[139.548576,35.912011],[139.548561,35.912066],[139.548562,35.912133],[139.548476,35.912236],[139.548433,35.912262],[139.548413,35.912284],[139.548407,35.912316],[139.548408,35.912376],[139.5484,35.912434],[139.548403,35.912514],[139.54841,35.912567],[139.548431,35.912615],[139.548486,35.912709],[139.54853,35.912779],[139.548573,35.912898],[139.548639,35.913088],[139.548772,35.913407],[139.548826,35.913532],[139.548886,35.913643],[139.54895,35.913722],[139.54902,35.913804],[139.549149,35.913921],[139.549301,35.914035],[139.54933,35.914062],[139.549356,35.914089],[139.549357,35.91412],[139.549344,35.914168],[139.549327,35.914229],[139.549291,35.914288],[139.549238,35.914356],[139.549202,35.914402],[139.54919,35.914436],[139.549186,35.914489],[139.549205,35.914533],[139.54923,35.914568],[139.549257,35.914596],[139.549288,35.914617],[139.549317,35.914636],[139.549381,35.914661],[139.549439,35.914678],[139.549608,35.914713],[139.549658,35.914727],[139.54969,35.91474],[139.549712,35.914763],[139.549744,35.914819],[139.549765,35.914854],[139.549766,35.914857],[139.549791,35.914883],[139.549797,35.914889],[139.549816,35.914907],[139.549832,35.914934],[139.549833,35.91497],[139.54983,35.914998],[139.549813,35.915026],[139.549778,35.915048],[139.549722,35.915068],[139.549674,35.915091],[139.549643,35.915113],[139.549621,35.915139],[139.54955,35.915176],[139.549333,35.915279],[139.549319,35.915284],[139.549308,35.915293],[139.549299,35.915304],[139.549299,35.915323],[139.549302,35.915332],[139.549307,35.915351],[139.549332,35.915372],[139.54938,35.915442],[139.549482,35.915553],[139.549539,35.915614],[139.549652,35.915683],[139.549695,35.915712],[139.549908,35.915742],[139.550097,35.915963],[139.549922,35.916149],[139.549893,35.916183],[139.549892,35.916225],[139.549895,35.916313],[139.549895,35.916342],[139.549896,35.916406],[139.549892,35.916451],[139.54989,35.916468],[139.549887,35.916545],[139.549885,35.916585],[139.549872,35.916641],[139.549858,35.916698],[139.549854,35.916711],[139.549851,35.916725],[139.549846,35.916746],[139.549842,35.916761],[139.549825,35.916781],[139.5498,35.916799],[139.549747,35.916839],[139.549699,35.916874],[139.549663,35.916905],[139.549652,35.916926],[139.549639,35.916954],[139.549628,35.917],[139.549626,35.917047],[139.549636,35.917091],[139.549655,35.917191],[139.549658,35.917204],[139.549664,35.917226],[139.549669,35.91727],[139.549664,35.917317],[139.549663,35.917336],[139.54967,35.917356],[139.549681,35.917363],[139.549698,35.917366],[139.549719,35.917368],[139.549741,35.917366],[139.549776,35.917352],[139.549828,35.917339],[139.549867,35.917335],[139.5499,35.917333],[139.549948,35.917332],[139.549989,35.917341],[139.550008,35.917354],[139.550029,35.917371],[139.550046,35.917403],[139.550067,35.91747],[139.550082,35.917539],[139.550086,35.91756],[139.550089,35.917572],[139.550097,35.917584],[139.550112,35.917594],[139.550128,35.917605],[139.550138,35.917612],[139.550153,35.917614],[139.55017,35.917614],[139.550194,35.917612],[139.550222,35.917609],[139.550245,35.917605],[139.550282,35.917629],[139.550322,35.917657],[139.55035,35.917708],[139.550373,35.917745],[139.550384,35.917796],[139.550384,35.917833],[139.550344,35.917874],[139.550275,35.917925],[139.55023,35.917971],[139.550173,35.917994],[139.55007,35.918022],[139.549996,35.918035],[139.549928,35.918043],[139.549482,35.918072],[139.549499,35.918299],[139.549475,35.918344],[139.54941,35.918436],[139.549362,35.918567],[139.549347,35.918968],[139.549141,35.91896],[139.548944,35.918918],[139.548797,35.919154],[139.548389,35.919544],[139.547909,35.919894],[139.547842,35.920245],[139.547656,35.920692],[139.547578,35.92088],[139.547505,35.920983],[139.547443,35.921062],[139.547409,35.921087],[139.547225,35.921165],[139.547174,35.921177],[139.547113,35.921207],[139.547066,35.921243],[139.547037,35.921304],[139.546981,35.921355],[139.54685,35.921457],[139.546796,35.921581],[139.546757,35.921648],[139.54668,35.921783],[139.546525,35.921729],[139.546395,35.921665],[139.546175,35.921847],[139.545958,35.921975],[139.545831,35.922253],[139.546053,35.92247],[139.546219,35.922646],[139.546272,35.922671],[139.546386,35.922699],[139.546524,35.922773],[139.545942,35.923295],[139.546778,35.924038],[139.54689,35.924144],[139.547037,35.924283],[139.547158,35.924394],[139.547168,35.924414],[139.547175,35.924434],[139.547181,35.92446],[139.547187,35.924488],[139.547192,35.924532],[139.547197,35.924573],[139.547164,35.924604],[139.547065,35.924687],[139.546972,35.924756],[139.546849,35.924847],[139.546559,35.925009],[139.54651,35.925017],[139.54647,35.925017],[139.54645,35.925026],[139.546488,35.925086],[139.546582,35.925171],[139.546501,35.925385],[139.546262,35.925685],[139.546052,35.925897],[139.546026,35.925923],[139.545944,35.926164],[139.545874,35.926365],[139.546154,35.926493],[139.546389,35.926678],[139.54663,35.926853],[139.546647,35.926865],[139.546642,35.926871],[139.546594,35.926931],[139.546574,35.926958],[139.546584,35.926965],[139.546832,35.927136],[139.54695,35.9272],[139.547077,35.927076],[139.547144,35.927041],[139.547235,35.92699],[139.547808,35.926666],[139.547914,35.926779],[139.54792,35.926794],[139.54798,35.926856],[139.548526,35.927428],[139.548791,35.927219],[139.549308,35.926796],[139.54952,35.926619],[139.549523,35.926617],[139.549698,35.926461],[139.549769,35.926397],[139.550065,35.926136],[139.550069,35.926127],[139.55007,35.926109],[139.55012,35.92598],[139.55022,35.926005],[139.550268,35.926012],[139.550304,35.926011],[139.550326,35.926006],[139.550351,35.926008],[139.550448,35.926079],[139.550453,35.926083],[139.550534,35.926226],[139.55051,35.926426],[139.55049,35.926513],[139.55048,35.926559],[139.550471,35.926583],[139.550449,35.92663],[139.550401,35.926733],[139.550339,35.926863],[139.550312,35.926912],[139.550301,35.926956],[139.550297,35.926999],[139.550296,35.927051],[139.550317,35.927123],[139.55032,35.927171],[139.550345,35.927452],[139.550352,35.927502],[139.550354,35.927562],[139.550348,35.927631],[139.550347,35.927666],[139.550332,35.927711],[139.55032,35.927733],[139.550307,35.927767],[139.550298,35.927805],[139.550297,35.927842],[139.550301,35.927878],[139.55031,35.927914],[139.550322,35.927941],[139.550341,35.927978],[139.550362,35.928086],[139.550356,35.928238],[139.55036,35.928363],[139.550361,35.928406],[139.550374,35.928447],[139.55041,35.928584],[139.550423,35.928612],[139.550436,35.928632],[139.550456,35.928646],[139.550509,35.928682],[139.550551,35.928708],[139.550568,35.928722],[139.550572,35.928727],[139.550595,35.928733],[139.550647,35.928746],[139.550728,35.928776],[139.550807,35.928816],[139.550904,35.928848],[139.551057,35.928867],[139.55125,35.928885],[139.55119,35.928909],[139.551087,35.928932],[139.550984,35.928935],[139.550853,35.928927],[139.550663,35.928913],[139.550648,35.928912],[139.550689,35.929024],[139.55071,35.929088],[139.550723,35.92918],[139.550735,35.929298],[139.550739,35.929355],[139.550757,35.929437],[139.55079,35.929559],[139.550798,35.929617],[139.550798,35.92962],[139.550805,35.92966],[139.550817,35.9297],[139.550838,35.929765],[139.550861,35.929852],[139.550878,35.929928],[139.550885,35.929993],[139.550894,35.93007],[139.550901,35.930125],[139.5509,35.930287],[139.550899,35.93031],[139.550898,35.930317],[139.550867,35.93041],[139.550835,35.930492],[139.550773,35.930645],[139.550726,35.930777],[139.550634,35.931082],[139.550552,35.931228],[139.550476,35.931329],[139.550445,35.931331],[139.550398,35.931376],[139.550387,35.931386],[139.550116,35.931665],[139.549891,35.931897],[139.549691,35.932142],[139.549515,35.93233],[139.549381,35.932472],[139.549171,35.932705],[139.549041,35.932876],[139.548914,35.933072],[139.548858,35.93316],[139.548729,35.933364],[139.548618,35.933541],[139.548587,35.933588],[139.548496,35.933693],[139.548355,35.933857],[139.548246,35.933975],[139.548105,35.934125],[139.548157,35.934193],[139.549383,35.934326],[139.550896,35.934502],[139.550899,35.934332],[139.550764,35.934313],[139.550796,35.933938],[139.550424,35.933879],[139.550456,35.933717],[139.550933,35.933771],[139.550944,35.933672],[139.550978,35.933361],[139.550991,35.933226],[139.551008,35.933126],[139.551024,35.933063],[139.55105,35.932986],[139.550838,35.932933],[139.550847,35.93282],[139.55085,35.932813],[139.55099,35.932502],[139.551034,35.932372],[139.551057,35.932308],[139.551109,35.932164],[139.551245,35.932182],[139.551423,35.932205],[139.551691,35.93224],[139.551654,35.932533],[139.551639,35.932717],[139.551616,35.933016],[139.551623,35.933816],[139.55164,35.93421],[139.551673,35.93487],[139.551696,35.93512],[139.551719,35.93526],[139.551753,35.935402],[139.55183,35.935541],[139.551926,35.935651],[139.551998,35.935737],[139.552137,35.935917],[139.552277,35.935843],[139.552327,35.935925],[139.552411,35.935854],[139.552686,35.935975],[139.552853,35.935976],[139.55296,35.935975],[139.55308,35.935865],[139.55317,35.935864],[139.553241,35.935738],[139.55331,35.935621],[139.553371,35.935506],[139.553422,35.935405],[139.55345,35.935351],[139.553598,35.935388],[139.553666,35.935276],[139.553667,35.935274],[139.553726,35.935159],[139.553774,35.935048],[139.553818,35.93495],[139.55368,35.934896],[139.553538,35.934848],[139.553406,35.934798],[139.553315,35.934773],[139.553372,35.934657],[139.553438,35.934532],[139.553491,35.934431],[139.553525,35.934373],[139.553527,35.934369],[139.553677,35.933947],[139.553714,35.933862],[139.553789,35.933751],[139.553836,35.933696],[139.554041,35.933721],[139.554125,35.933728],[139.554229,35.933786],[139.554149,35.934021],[139.554314,35.934096],[139.554443,35.934223],[139.554409,35.934276],[139.554402,35.934287],[139.554411,35.934293],[139.554428,35.934305],[139.554432,35.934307],[139.554438,35.934312],[139.554452,35.934321],[139.554463,35.934328],[139.554476,35.934337],[139.55453,35.934375],[139.554583,35.934412],[139.554677,35.934478],[139.554754,35.934532],[139.554821,35.934579],[139.55487,35.934613],[139.554918,35.934648],[139.554936,35.934659],[139.554958,35.934672],[139.555,35.934693],[139.555022,35.934704],[139.555072,35.934731],[139.555099,35.934743],[139.555124,35.934754],[139.55517,35.934772],[139.555204,35.934786],[139.555221,35.93479],[139.555236,35.934794],[139.555253,35.934797],[139.555277,35.934792],[139.555311,35.934783],[139.555325,35.934778],[139.555359,35.934774],[139.555414,35.934804],[139.555462,35.934829],[139.555508,35.934851],[139.55552,35.934858],[139.555596,35.934892],[139.555672,35.934925],[139.555753,35.93496],[139.555766,35.934966],[139.555819,35.93499],[139.55582,35.93499],[139.55585,35.935003],[139.555876,35.935015],[139.555891,35.935021],[139.555897,35.935033],[139.555905,35.93505],[139.555913,35.935067],[139.555915,35.935072],[139.55592,35.935089],[139.555931,35.935123],[139.555936,35.935132],[139.55594,35.935138],[139.555948,35.935146],[139.55596,35.935155],[139.55597,35.93516],[139.555974,35.935162],[139.555983,35.935166],[139.55605,35.935195],[139.556148,35.935238],[139.556245,35.93528],[139.556386,35.935344],[139.556532,35.93541],[139.556534,35.935439],[139.556538,35.935484],[139.556539,35.935585],[139.556538,35.935615],[139.556539,35.935632],[139.556586,35.93566],[139.556637,35.935661],[139.556701,35.935636],[139.556706,35.935549],[139.556706,35.935446],[139.556708,35.93539],[139.556705,35.935373],[139.556691,35.935329],[139.556679,35.935267],[139.556682,35.935237],[139.556683,35.935218],[139.556697,35.935181],[139.556771,35.935029],[139.556835,35.934927],[139.556995,35.934972],[139.557274,35.934563],[139.557497,35.934254],[139.557603,35.934094],[139.557421,35.934016],[139.557497,35.933787],[139.557502,35.933775],[139.557526,35.933688],[139.557733,35.933696],[139.557754,35.933287],[139.558143,35.933286],[139.558145,35.933081],[139.557979,35.93306],[139.558141,35.932634],[139.558263,35.932414],[139.558321,35.932428],[139.558454,35.932461],[139.5585,35.932476],[139.558548,35.932457],[139.558663,35.932479],[139.558738,35.932495],[139.558801,35.932505],[139.558908,35.93252],[139.559001,35.932539],[139.559051,35.932381],[139.559071,35.932311],[139.559096,35.932248],[139.559107,35.932224],[139.559125,35.932181],[139.559156,35.932122],[139.559185,35.932061],[139.559202,35.932017],[139.559214,35.931989],[139.559217,35.931984],[139.559219,35.931962],[139.559221,35.931947],[139.559236,35.931879],[139.55924,35.931857],[139.559241,35.931852],[139.559157,35.931833],[139.558016,35.931575],[139.558083,35.931354],[139.55804,35.931343],[139.558085,35.930659],[139.558653,35.930746],[139.558721,35.930626],[139.558751,35.93057],[139.558817,35.930479],[139.558937,35.930329],[139.558939,35.930327],[139.558987,35.930271],[139.559129,35.930315],[139.559183,35.93033],[139.559227,35.930342],[139.559296,35.930347],[139.559375,35.930344],[139.559445,35.930331],[139.559453,35.930329],[139.559532,35.930297],[139.559622,35.930238],[139.559688,35.930191],[139.559421,35.930097],[139.559245,35.93003],[139.55926,35.929988],[139.559003,35.929891],[139.559237,35.929449],[139.559493,35.929558],[139.559596,35.929598],[139.559481,35.929831],[139.559961,35.930011],[139.560251,35.929709],[139.560314,35.929631],[139.560503,35.929367],[139.560693,35.929109],[139.560745,35.929002],[139.560755,35.928937],[139.560754,35.928895],[139.560731,35.928854],[139.560686,35.928825],[139.560636,35.928785],[139.560561,35.928755],[139.560473,35.928732],[139.5604,35.928726],[139.560374,35.928731],[139.560305,35.92875],[139.560219,35.928782],[139.560101,35.928595],[139.559723,35.928783],[139.559563,35.928861],[139.559242,35.928993],[139.55929,35.92913],[139.559309,35.929224],[139.559314,35.929288],[139.5592,35.929286],[139.559186,35.929192],[139.559158,35.929096],[139.559116,35.928959],[139.559083,35.928838],[139.559036,35.928703],[139.559197,35.928684],[139.559227,35.928729],[139.559626,35.928608],[139.559636,35.928467],[139.559728,35.928473],[139.559764,35.928257],[139.559731,35.928226],[139.560018,35.928076],[139.560106,35.928075],[139.560303,35.92788],[139.560337,35.92784],[139.560357,35.92781],[139.56038,35.92778],[139.56054,35.927376],[139.560595,35.927213],[139.560629,35.927154],[139.56065,35.92712],[139.560677,35.927081],[139.56074,35.927005],[139.560808,35.92693],[139.560874,35.926869],[139.560967,35.926764],[139.561038,35.926686],[139.561078,35.926631],[139.561118,35.92654],[139.560761,35.926486],[139.560841,35.926249],[139.56092,35.926031],[139.560978,35.925984],[139.561034,35.92581],[139.56132,35.925819],[139.561324,35.925897],[139.561598,35.925914],[139.561664,35.925897],[139.561757,35.925875],[139.561824,35.925861],[139.561872,35.925859],[139.561936,35.92594],[139.562063,35.926059],[139.562177,35.926149],[139.562321,35.926253],[139.562068,35.926537],[139.561928,35.926724],[139.561793,35.926902],[139.561687,35.927024],[139.561569,35.927151],[139.561411,35.927401],[139.561315,35.927398],[139.561295,35.927347],[139.561247,35.927341],[139.561285,35.927184],[139.561448,35.927021],[139.561555,35.926883],[139.561567,35.926841],[139.561559,35.926811],[139.561537,35.926796],[139.561258,35.926683],[139.56109,35.926976],[139.561105,35.927091],[139.561073,35.927154],[139.56078,35.927076],[139.560498,35.927902],[139.560612,35.927967],[139.560513,35.928214],[139.560589,35.928258],[139.560555,35.928507],[139.560701,35.928525],[139.56082,35.928544],[139.560856,35.928793],[139.56086,35.928865],[139.560863,35.92895],[139.560841,35.929027],[139.560809,35.929111],[139.56077,35.929198],[139.560683,35.929393],[139.560638,35.92947],[139.560616,35.929528],[139.56059,35.929599],[139.560565,35.929703],[139.561175,35.929827],[139.561365,35.929826],[139.561344,35.929962],[139.561292,35.930205],[139.561218,35.930334],[139.561115,35.930512],[139.56103,35.93068],[139.560978,35.930795],[139.560949,35.930865],[139.560924,35.930953],[139.560899,35.931055],[139.560853,35.931218],[139.560869,35.931333],[139.560884,35.931519],[139.560884,35.931663],[139.56089,35.931729],[139.56092,35.931773],[139.56092,35.931896],[139.561045,35.932042],[139.561084,35.932286],[139.561114,35.932407],[139.561136,35.932483],[139.561167,35.932582],[139.561187,35.932633],[139.561243,35.932786],[139.561269,35.932849],[139.561289,35.932896],[139.561307,35.932923],[139.561337,35.932951],[139.561386,35.932983],[139.561446,35.93301],[139.561567,35.933072],[139.561757,35.933072],[139.561902,35.93318],[139.562037,35.933264],[139.562224,35.933379],[139.562315,35.933437],[139.562409,35.933491],[139.562496,35.933563],[139.56259,35.933634],[139.562712,35.933725],[139.562894,35.933825],[139.562939,35.933817],[139.563014,35.93382],[139.563195,35.933859],[139.563427,35.93394],[139.563548,35.93399],[139.56366,35.934065],[139.563755,35.934137],[139.563808,35.934171],[139.564062,35.934231],[139.564176,35.934408],[139.564215,35.934461],[139.564286,35.934525],[139.564311,35.934538],[139.564345,35.934552],[139.564384,35.934563],[139.564433,35.934578],[139.564455,35.934585],[139.564498,35.934601],[139.564526,35.934615],[139.564581,35.93469],[139.564593,35.934744],[139.564592,35.934773],[139.564585,35.934845],[139.564527,35.935022],[139.564515,35.935069],[139.564492,35.935142],[139.56448,35.935206],[139.564476,35.935241],[139.564483,35.935294],[139.564493,35.935342],[139.564493,35.935382],[139.564486,35.935405],[139.564472,35.935434],[139.564465,35.935541],[139.564478,35.935553],[139.564491,35.935583],[139.564495,35.935612],[139.564493,35.935659],[139.56448,35.935705],[139.56452,35.935856],[139.564681,35.935935],[139.564641,35.936197],[139.564623,35.936214],[139.564601,35.936237],[139.564593,35.936257],[139.564589,35.936279],[139.56459,35.936292],[139.56459,35.936307],[139.564584,35.936327],[139.564561,35.936365],[139.564551,35.936412],[139.564541,35.936511],[139.564527,35.936608],[139.56451,35.9367],[139.564508,35.93671],[139.564484,35.936801],[139.564453,35.936907],[139.564404,35.937054],[139.564386,35.937126],[139.564386,35.937175],[139.564394,35.937212],[139.564388,35.937238],[139.564377,35.937292],[139.564376,35.937347],[139.56439,35.937742],[139.564495,35.937792],[139.564514,35.937802],[139.564522,35.937807],[139.564543,35.937823],[139.564564,35.937845],[139.564583,35.937876],[139.564601,35.937912],[139.564617,35.937961],[139.564624,35.938017],[139.564623,35.938066],[139.56461,35.938164],[139.564601,35.938232],[139.564599,35.938315],[139.564593,35.938507],[139.564557,35.938507],[139.564547,35.938592],[139.564495,35.938622],[139.564426,35.938704],[139.564408,35.938932],[139.564503,35.939045],[139.564582,35.939065],[139.564673,35.939101],[139.564756,35.93916],[139.564838,35.939253],[139.564948,35.939351],[139.565009,35.93936],[139.565053,35.939402],[139.565027,35.939421],[139.565116,35.939511],[139.565173,35.939582],[139.56523,35.93965],[139.565302,35.939719],[139.565365,35.939772],[139.565408,35.939806],[139.565532,35.93989],[139.565683,35.939991],[139.565819,35.940058],[139.565947,35.940109],[139.566207,35.940234],[139.566267,35.940253],[139.566667,35.940469],[139.566717,35.940528],[139.567376,35.940807],[139.567552,35.94093],[139.567785,35.941017],[139.567807,35.941025],[139.567824,35.941032],[139.567867,35.941081],[139.568149,35.941194],[139.56861,35.94141],[139.569147,35.941646],[139.56918,35.94166],[139.569474,35.941787],[139.569608,35.941874],[139.569595,35.941889],[139.570169,35.942162],[139.570244,35.942193],[139.570423,35.942256],[139.570499,35.942268],[139.570548,35.942281],[139.570615,35.942312],[139.570655,35.942338],[139.570674,35.942357],[139.570692,35.942392],[139.570943,35.942508],[139.570993,35.94253],[139.571278,35.942652],[139.571286,35.942655],[139.571329,35.942672],[139.571334,35.942675],[139.57146,35.942728],[139.571516,35.942756],[139.571673,35.942837],[139.571907,35.942916],[139.572161,35.943052],[139.572588,35.943238],[139.573036,35.943489],[139.573272,35.943586],[139.573563,35.943708],[139.574076,35.943966],[139.57411,35.943909],[139.574119,35.943881],[139.574133,35.943843],[139.574164,35.943787],[139.574373,35.943585],[139.574386,35.943576],[139.574415,35.943585],[139.574499,35.943633],[139.57451,35.943625],[139.574536,35.943595],[139.574881,35.943278],[139.574985,35.943194],[139.575039,35.943161],[139.575152,35.943097],[139.575189,35.943065],[139.575224,35.94302],[139.575238,35.942999],[139.575259,35.942995],[139.575305,35.942993],[139.575418,35.943006],[139.575472,35.943004],[139.575525,35.943014],[139.575597,35.943039],[139.575704,35.943089],[139.575749,35.943097],[139.575843,35.9431],[139.575887,35.94311],[139.575976,35.943133],[139.57601,35.943134],[139.576046,35.943134],[139.576068,35.943127],[139.576132,35.943092],[139.576181,35.943072],[139.576222,35.943058],[139.576275,35.943048],[139.57633,35.943042],[139.576442,35.943044],[139.576482,35.943049],[139.576506,35.943057],[139.57652,35.94307],[139.57656,35.943153],[139.576568,35.943168],[139.57658,35.943175],[139.576615,35.94318],[139.576724,35.943179],[139.576758,35.943176],[139.576788,35.943168],[139.57681,35.943153],[139.57685,35.94311],[139.576885,35.94308],[139.576909,35.943069],[139.576946,35.943064],[139.576984,35.943067],[139.577045,35.943073],[139.577163,35.943098],[139.577239,35.94311],[139.577275,35.943115],[139.577335,35.94312],[139.577529,35.943128],[139.577623,35.943121],[139.577738,35.9431],[139.577823,35.943082],[139.577869,35.94308],[139.577921,35.943087],[139.578043,35.943114],[139.578125,35.943126],[139.578204,35.943135],[139.578289,35.943144],[139.578365,35.943155],[139.578474,35.943175],[139.578581,35.943193],[139.578671,35.943204],[139.578883,35.943207],[139.579297,35.943209],[139.579326,35.943215],[139.57939,35.943242],[139.579419,35.94321],[139.579561,35.943252],[139.57964,35.943283],[139.57978,35.943362],[139.579829,35.943313],[139.579934,35.943228],[139.579998,35.943171],[139.580024,35.943159],[139.580046,35.94316],[139.580067,35.943167],[139.580147,35.943198],[139.580381,35.94331],[139.580507,35.943372],[139.580542,35.943391],[139.580629,35.94346],[139.58079,35.943582],[139.580938,35.943696],[139.58109,35.943809],[139.58134,35.943998],[139.581348,35.943999],[139.581359,35.943991],[139.581391,35.943963],[139.581576,35.944138],[139.581625,35.944169],[139.581702,35.944204],[139.581771,35.944216],[139.581817,35.944222],[139.581866,35.944231],[139.582045,35.944285],[139.582119,35.94431],[139.582164,35.944318],[139.582257,35.944329],[139.582284,35.944335],[139.582321,35.944348],[139.5825,35.944423],[139.582835,35.944542],[139.583257,35.944692],[139.583526,35.944787],[139.583666,35.944821],[139.583826,35.944848],[139.584118,35.944892],[139.584197,35.944909],[139.584237,35.944924],[139.584317,35.944963],[139.584459,35.945042],[139.584729,35.945158],[139.584846,35.945225],[139.585012,35.945325],[139.585165,35.945408],[139.585228,35.945433],[139.585252,35.945429],[139.585768,35.945276],[139.585795,35.945271],[139.585842,35.945275],[139.586073,35.9453],[139.586182,35.945306],[139.586276,35.945302],[139.586341,35.945285],[139.586394,35.945271],[139.586431,35.945264],[139.586482,35.945263],[139.586721,35.94528],[139.586798,35.945275],[139.586821,35.94527],[139.586878,35.945258],[139.587029,35.945218],[139.587069,35.945198],[139.587581,35.944834],[139.587707,35.944737],[139.587823,35.944627],[139.588027,35.944423],[139.588173,35.944247],[139.588265,35.944136],[139.58832,35.944069],[139.588451,35.943935],[139.588483,35.94394],[139.588961,35.943609],[139.588959,35.943581],[139.589014,35.943521],[139.589149,35.943544],[139.589353,35.943222],[139.589501,35.94315],[139.589529,35.943008],[139.589538,35.942968],[139.589568,35.942923],[139.589694,35.942749],[139.589762,35.942632],[139.589815,35.94251],[139.589913,35.94239],[139.590062,35.94213],[139.590109,35.942072],[139.590178,35.941976],[139.590221,35.941895],[139.590274,35.941794],[139.590363,35.941641],[139.590552,35.941387],[139.590582,35.941292],[139.590572,35.941192],[139.590576,35.941113],[139.590615,35.941039],[139.590683,35.940952],[139.590723,35.94092],[139.590825,35.940837],[139.590896,35.9408],[139.591374,35.9408],[139.59147,35.940627],[139.591666,35.940337],[139.592103,35.939677],[139.592141,35.939639],[139.592186,35.939594],[139.592256,35.939567],[139.592867,35.939503],[139.592907,35.939503],[139.592915,35.939509],[139.593005,35.93965],[139.593044,35.939672],[139.593167,35.939652],[139.593256,35.939602],[139.59334,35.93954],[139.593437,35.939475],[139.593505,35.939412],[139.593563,35.939344],[139.593595,35.939303],[139.593647,35.939299],[139.593778,35.93928],[139.593824,35.939262],[139.593948,35.939204],[139.594064,35.93914],[139.594113,35.939112],[139.594151,35.93908],[139.594212,35.939017],[139.594261,35.938954],[139.594297,35.93889],[139.594371,35.938764],[139.594454,35.938604],[139.594564,35.938385],[139.59464,35.938236],[139.59469,35.93816],[139.594789,35.938046],[139.594839,35.937997],[139.594984,35.937856],[139.595297,35.937544],[139.595636,35.937196],[139.595873,35.937005],[139.595983,35.936851],[139.596223,35.936796],[139.596332,35.936749],[139.596423,35.936724],[139.597117,35.936567],[139.597189,35.936544],[139.59726,35.936515],[139.597503,35.936417],[139.597592,35.936374],[139.597657,35.936641],[139.597739,35.937023],[139.597753,35.937259],[139.597722,35.937544],[139.597666,35.937972],[139.597661,35.938121],[139.597667,35.938226],[139.597699,35.938347],[139.59777,35.938522],[139.597842,35.938662],[139.597938,35.938807],[139.598582,35.939693],[139.599159,35.94048],[139.599292,35.940668],[139.599426,35.940866],[139.599452,35.940904],[139.599576,35.941184],[139.599637,35.94137],[139.599653,35.941638],[139.599637,35.941916],[139.599568,35.942566],[139.599484,35.943197],[139.59944,35.943577],[139.599431,35.943713],[139.599352,35.944003],[139.599289,35.944148],[139.599178,35.944337],[139.599082,35.94446],[139.598921,35.944622],[139.598675,35.944876],[139.598442,35.945095],[139.598277,35.945284],[139.598136,35.94547],[139.598013,35.945639],[139.597884,35.945843],[139.597689,35.946184],[139.597571,35.94639],[139.597492,35.946572],[139.597352,35.946931],[139.597209,35.947362],[139.597153,35.947552],[139.597019,35.947971],[139.596949,35.948114],[139.596888,35.948228],[139.596726,35.948477],[139.596678,35.948529],[139.596539,35.948675],[139.596434,35.948797],[139.596351,35.948884],[139.595572,35.949757],[139.595329,35.950007],[139.594992,35.950394],[139.594316,35.951243],[139.593888,35.951801],[139.593957,35.951831],[139.593224,35.953007],[139.592816,35.953652],[139.592474,35.954179],[139.591798,35.955264],[139.592045,35.955369],[139.592251,35.955456],[139.59193,35.955931],[139.592278,35.956068],[139.591956,35.956561],[139.592318,35.956722],[139.592057,35.957112],[139.591539,35.956886],[139.591234,35.957297],[139.590634,35.957051],[139.590207,35.957674],[139.589574,35.958589],[139.589463,35.958765],[139.58937,35.958891],[139.589328,35.958939],[139.589303,35.95896],[139.589183,35.959062],[139.589149,35.959108],[139.589142,35.959118],[139.589112,35.959156],[139.589075,35.959205],[139.589028,35.959267],[139.589005,35.959293],[139.588962,35.959339],[139.588913,35.959393],[139.588867,35.959444],[139.588845,35.959469],[139.588817,35.959495],[139.588765,35.959543],[139.588714,35.959591],[139.58867,35.959633],[139.588666,35.959636],[139.588623,35.959683],[139.588576,35.959736],[139.588526,35.959789],[139.588485,35.959835],[139.58848,35.959839],[139.588438,35.959889],[139.588388,35.959947],[139.588345,35.959997],[139.588337,35.960006],[139.5883,35.960052],[139.588276,35.960081],[139.588255,35.960107],[139.58824,35.960126],[139.58822,35.960169],[139.588219,35.96017],[139.588179,35.960232],[139.588143,35.960288],[139.588128,35.960312],[139.588105,35.960348],[139.588065,35.96041],[139.588048,35.960437],[139.588029,35.960476],[139.587997,35.960544],[139.587989,35.96056],[139.587972,35.960592],[139.587963,35.960609],[139.587927,35.960675],[139.587894,35.960738],[139.587892,35.960741],[139.587868,35.960808],[139.587845,35.960869],[139.587826,35.96092],[139.587808,35.960968],[139.587793,35.961009],[139.587781,35.961043],[139.588291,35.961288],[139.588039,35.961689],[139.588538,35.961894],[139.588839,35.96151],[139.58893,35.96155],[139.589207,35.961671],[139.589218,35.961656],[139.589248,35.961613],[139.589301,35.961622],[139.589347,35.961566],[139.589409,35.961484],[139.589345,35.961443],[139.58929,35.961409],[139.589283,35.961327],[139.589254,35.961285],[139.589272,35.961254],[139.589301,35.961245],[139.589585,35.961335],[139.589618,35.961345],[139.589804,35.961406],[139.589914,35.961441],[139.589916,35.961442],[139.590001,35.961469],[139.590102,35.961502],[139.590218,35.96154],[139.590255,35.961552],[139.590335,35.961578],[139.590365,35.96147],[139.590396,35.96136],[139.590427,35.961242],[139.590456,35.961227],[139.590794,35.961287],[139.590816,35.961312],[139.590849,35.961224],[139.590883,35.961104],[139.590903,35.961106],[139.591002,35.961117],[139.591073,35.961124],[139.591228,35.96114],[139.591364,35.961166],[139.5916,35.961214],[139.591619,35.961218],[139.591608,35.961272],[139.591578,35.961436],[139.591569,35.961492],[139.591548,35.961613],[139.591621,35.9616],[139.591932,35.96154],[139.59205,35.961519],[139.592054,35.961583],[139.592047,35.961643],[139.592073,35.961833],[139.592086,35.961889],[139.592188,35.961872],[139.592351,35.961845],[139.592595,35.961808],[139.592808,35.961777],[139.592878,35.961767],[139.593136,35.961726],[139.593231,35.961714],[139.593409,35.961685],[139.593689,35.96164],[139.593747,35.961637],[139.593896,35.961629],[139.593989,35.961636],[139.59466,35.961539],[139.594733,35.961532],[139.595761,35.961438],[139.596288,35.961392],[139.596354,35.961422],[139.596669,35.9614],[139.596844,35.961385],[139.597001,35.961367],[139.597121,35.961359],[139.597179,35.961355],[139.59742,35.961344],[139.597485,35.961344],[139.597631,35.961347],[139.597838,35.961328],[139.598005,35.961312],[139.598236,35.961304],[139.59833,35.961297],[139.598464,35.961286],[139.598536,35.961279],[139.598632,35.961329],[139.598897,35.96114],[139.59898,35.961011],[139.599099,35.960987],[139.599275,35.960753],[139.599306,35.960726],[139.599358,35.960689],[139.599792,35.960129],[139.599906,35.960158],[139.599917,35.960133],[139.600061,35.959734],[139.600072,35.959706],[139.600095,35.959639],[139.600125,35.959646],[139.600146,35.959651],[139.600315,35.959699],[139.600496,35.959773],[139.600944,35.959958],[139.601003,35.959987],[139.601226,35.96009],[139.601265,35.960108],[139.601509,35.960221],[139.601539,35.960233],[139.601658,35.960285],[139.601786,35.960342],[139.601856,35.960375],[139.601908,35.960399],[139.602305,35.96058],[139.602479,35.96066],[139.602489,35.960665],[139.602687,35.960757],[139.602725,35.960776],[139.603201,35.96099],[139.60327,35.961016],[139.603574,35.961151],[139.603633,35.961177],[139.603916,35.961303],[139.603955,35.96132],[139.603965,35.961325],[139.604221,35.961439],[139.604266,35.961467],[139.604468,35.961563],[139.604572,35.961616],[139.604652,35.961656],[139.604673,35.961667],[139.604833,35.961747],[139.604912,35.961777],[139.605089,35.961859],[139.605108,35.961866],[139.605359,35.961962],[139.605384,35.961972],[139.605423,35.961989],[139.605701,35.962108],[139.605873,35.962182],[139.605953,35.962231],[139.606005,35.962253],[139.606195,35.962332],[139.60623,35.962345],[139.606515,35.962454],[139.606721,35.962533],[139.606932,35.962597],[139.607181,35.962722],[139.607207,35.962735],[139.607291,35.962777],[139.607353,35.962808],[139.607443,35.962853],[139.607541,35.962904],[139.607568,35.962918],[139.607624,35.962947],[139.607646,35.962963],[139.607757,35.963016],[139.607904,35.963086],[139.607915,35.963091],[139.607964,35.963116],[139.608032,35.96315],[139.608044,35.963155],[139.608096,35.963176],[139.608138,35.963193],[139.608322,35.963267],[139.608354,35.96328],[139.608393,35.963296],[139.608822,35.963469],[139.608849,35.96348],[139.609253,35.963642],[139.609326,35.96368],[139.609395,35.963722],[139.609457,35.96377],[139.60954,35.963812],[139.609609,35.963848],[139.609712,35.963897],[139.609798,35.963938],[139.610253,35.964102],[139.610334,35.964137],[139.610405,35.964172],[139.610478,35.964208],[139.610621,35.964271],[139.610998,35.96445],[139.611067,35.964483],[139.611127,35.964519],[139.611142,35.964528],[139.611401,35.964681],[139.611592,35.964793],[139.612001,35.965034],[139.612099,35.965095],[139.61215,35.965126],[139.612209,35.96516],[139.612306,35.965217],[139.612513,35.965349],[139.612587,35.965396],[139.61267,35.965452],[139.612806,35.965545],[139.612844,35.965569],[139.612879,35.965591],[139.612933,35.965626],[139.612971,35.96565],[139.613009,35.965674],[139.613195,35.965766],[139.613826,35.966186],[139.614114,35.966061],[139.614302,35.966004],[139.614445,35.966159],[139.614475,35.966148],[139.614725,35.966062],[139.614924,35.966275],[139.615229,35.966332],[139.615426,35.966255],[139.615062,35.965786],[139.615666,35.965611],[139.61764,35.965033],[139.61797,35.964937],[139.618121,35.964882],[139.618323,35.964799],[139.618518,35.964684],[139.618728,35.96454],[139.618849,35.964433],[139.618943,35.964347],[139.619007,35.964276],[139.619112,35.964138],[139.619214,35.963969],[139.61933,35.963771],[139.619601,35.963331],[139.619887,35.962853],[139.620208,35.962326],[139.620406,35.962],[139.620462,35.961907],[139.619802,35.961651],[139.620593,35.960409],[139.621221,35.960654],[139.621813,35.95967],[139.622388,35.958719],[139.622691,35.958218],[139.622684,35.957954],[139.622683,35.957931],[139.622685,35.95789],[139.622689,35.957818],[139.622693,35.957732],[139.622694,35.957725],[139.622694,35.957719],[139.622701,35.957605],[139.622706,35.957537],[139.623015,35.957637],[139.623085,35.957509],[139.623192,35.957311],[139.623284,35.957129],[139.623384,35.956955],[139.623466,35.956814],[139.623604,35.956564],[139.623695,35.956394],[139.623791,35.956217],[139.62387,35.956067],[139.623935,35.955941],[139.623995,35.955838],[139.624036,35.955766],[139.624124,35.9556],[139.624229,35.955423],[139.624349,35.95519],[139.624451,35.954999],[139.62453,35.954857],[139.624657,35.954624],[139.624777,35.954414],[139.624863,35.954251],[139.624961,35.954071],[139.625087,35.95384],[139.625213,35.953611],[139.625334,35.953388],[139.62548,35.953126],[139.625593,35.952915],[139.625751,35.952644],[139.625832,35.952492],[139.625948,35.952524],[139.62597,35.952532],[139.626027,35.952553],[139.626071,35.95257],[139.626104,35.952583],[139.62612,35.952589],[139.626152,35.9526],[139.626373,35.952681],[139.626558,35.952748],[139.626595,35.952762],[139.626602,35.952764],[139.626612,35.952768],[139.626646,35.952783],[139.62667,35.952794],[139.626733,35.952822],[139.626745,35.952828],[139.626775,35.952842],[139.626823,35.952863],[139.626879,35.952887],[139.626895,35.952893],[139.626884,35.952909],[139.626905,35.952918],[139.627077,35.95299],[139.627131,35.953013],[139.627194,35.952988],[139.627214,35.952994],[139.62729,35.953018],[139.627319,35.953026],[139.627328,35.953029],[139.627412,35.953055],[139.627472,35.953073],[139.627499,35.95308],[139.627579,35.953103],[139.627629,35.953117],[139.627642,35.953121],[139.627664,35.953126],[139.627755,35.953144],[139.627779,35.953149],[139.627823,35.953158],[139.628137,35.953214],[139.628204,35.953226],[139.628579,35.953291],[139.628727,35.953318],[139.628804,35.953332],[139.629162,35.953398],[139.629372,35.953439],[139.629455,35.953457],[139.629527,35.953468],[139.629687,35.953498],[139.629803,35.953517],[139.630074,35.953564],[139.63017,35.953581],[139.630394,35.953622],[139.630749,35.953685],[139.630836,35.953701],[139.631121,35.953751],[139.631225,35.953769],[139.631342,35.953788],[139.631478,35.953847],[139.631729,35.953899],[139.631935,35.953936],[139.632143,35.953918],[139.632211,35.95391],[139.632533,35.953847],[139.632673,35.953819],[139.632743,35.953805],[139.632818,35.95379],[139.632818,35.95379],[139.632887,35.953776],[139.632936,35.953767],[139.633106,35.953736],[139.633143,35.95373],[139.633361,35.953691],[139.633595,35.953658],[139.633704,35.953642],[139.633832,35.953622],[139.633892,35.953635],[139.633909,35.953561],[139.63408,35.953506],[139.634133,35.953488],[139.634221,35.953581],[139.634269,35.953566],[139.634496,35.953717],[139.634527,35.953764],[139.634584,35.953744],[139.634698,35.953853],[139.634922,35.954066],[139.634986,35.954045],[139.635141,35.953994],[139.635149,35.954011],[139.635299,35.953962],[139.635325,35.954014],[139.635409,35.954101],[139.635383,35.954108],[139.635501,35.954331],[139.63551,35.95437],[139.635579,35.954347],[139.635646,35.954462],[139.635696,35.954531],[139.635859,35.954531],[139.635952,35.954532],[139.635978,35.954527],[139.636168,35.954488],[139.636227,35.954543],[139.636306,35.954493],[139.63639,35.954441],[139.636476,35.954412],[139.636499,35.954386],[139.636553,35.954418],[139.636612,35.954487],[139.63664,35.954566],[139.636642,35.954626],[139.636644,35.954745],[139.636613,35.954891],[139.636669,35.954933],[139.63671,35.954964],[139.636752,35.954993],[139.636756,35.955049],[139.636858,35.955054],[139.636874,35.955054],[139.636993,35.955072],[139.637065,35.955044],[139.637101,35.955031],[139.637154,35.95501],[139.637199,35.954992],[139.637268,35.954951],[139.637312,35.954918],[139.637374,35.95487],[139.637428,35.954821],[139.63746,35.954781],[139.637512,35.954715],[139.63754,35.954667],[139.637568,35.954622],[139.637683,35.954468],[139.637715,35.954427],[139.63774,35.954402],[139.637763,35.954382],[139.637785,35.954362],[139.637873,35.9543],[139.637896,35.954284],[139.638001,35.954209],[139.638021,35.954189],[139.638073,35.954137],[139.638133,35.954077],[139.638161,35.95405],[139.638188,35.95397],[139.638212,35.953909],[139.638248,35.953816],[139.638308,35.953663],[139.638311,35.953655],[139.638333,35.953598],[139.638383,35.953608],[139.638424,35.953592],[139.638491,35.953622],[139.638759,35.953689],[139.638849,35.953712],[139.638918,35.953729],[139.639025,35.953755],[139.639091,35.953762],[139.639161,35.953778],[139.639229,35.953811],[139.6393,35.953839],[139.639398,35.953903],[139.639487,35.953963],[139.639554,35.95399],[139.639622,35.953985],[139.63978,35.95394],[139.639956,35.95389],[139.639959,35.9539],[139.639981,35.953949],[139.640018,35.954033],[139.64005,35.954105],[139.640068,35.954149],[139.640124,35.954134],[139.640513,35.954009],[139.640555,35.953997],[139.640658,35.953966],[139.640874,35.9539],[139.640954,35.953875],[139.641087,35.953835],[139.641158,35.953805],[139.641296,35.953419],[139.641359,35.953275],[139.641386,35.953171],[139.641409,35.953139],[139.641438,35.953057],[139.641363,35.952753],[139.641496,35.952715],[139.641494,35.952693],[139.641482,35.952585],[139.64148,35.952577],[139.641444,35.952499],[139.641426,35.952356],[139.641343,35.952327],[139.641312,35.952316],[139.641285,35.952295],[139.641307,35.952159],[139.641442,35.952148],[139.641609,35.951927],[139.641726,35.951774],[139.641801,35.951731],[139.641994,35.951681],[139.642041,35.951657],[139.642228,35.951555],[139.642257,35.951537],[139.642425,35.951425],[139.642515,35.951359],[139.642566,35.951338],[139.642655,35.951257],[139.642764,35.951228],[139.642857,35.951285],[139.642943,35.9512],[139.643003,35.951146],[139.643116,35.951226],[139.643157,35.951189],[139.643139,35.951155],[139.643053,35.951078],[139.642968,35.951045],[139.642859,35.95101],[139.642815,35.951003],[139.642708,35.950969],[139.642724,35.95094],[139.642764,35.950868],[139.64281,35.950783],[139.642843,35.950779],[139.642982,35.950824],[139.643085,35.950857],[139.643169,35.9509],[139.643269,35.950943],[139.643344,35.951006],[139.643395,35.951058],[139.643434,35.951078],[139.643705,35.951216],[139.643745,35.951236],[139.643794,35.951255],[139.643799,35.951256],[139.643959,35.951322],[139.64401,35.951339],[139.644032,35.951287],[139.644059,35.951223],[139.644118,35.95108],[139.644147,35.951009],[139.64417,35.950956],[139.644293,35.950991],[139.644323,35.951004],[139.644473,35.951071],[139.644526,35.9511],[139.644779,35.951224],[139.644845,35.951261],[139.644875,35.951277],[139.645052,35.951384],[139.645015,35.95145],[139.645084,35.951485],[139.645103,35.951496],[139.645231,35.951574],[139.645324,35.951631],[139.645447,35.951713],[139.645404,35.951757],[139.645345,35.951808],[139.645291,35.951846],[139.64529,35.95198],[139.645295,35.952133],[139.645295,35.952136],[139.645298,35.952188],[139.645312,35.952335],[139.645325,35.952433],[139.645326,35.952437],[139.645329,35.95246],[139.645342,35.952551],[139.645306,35.952552],[139.645306,35.95259],[139.645322,35.952831],[139.645141,35.952837],[139.645141,35.952841],[139.645143,35.952977],[139.645153,35.953264],[139.645501,35.953245],[139.645839,35.953226],[139.645927,35.953221],[139.645963,35.953408],[139.645969,35.953513],[139.645969,35.953517],[139.645976,35.953573],[139.645977,35.953585],[139.645983,35.953659],[139.646006,35.953761],[139.646266,35.953764],[139.646304,35.953854],[139.646316,35.953877],[139.646321,35.953887],[139.646329,35.953901],[139.646348,35.953939],[139.646387,35.95404],[139.646389,35.954048],[139.646421,35.954155],[139.646451,35.954214],[139.646471,35.954253],[139.646525,35.954361],[139.646588,35.954343],[139.646731,35.954294],[139.646903,35.954238],[139.6469,35.954233],[139.646941,35.954217],[139.64733,35.954067],[139.647488,35.954003],[139.647574,35.953969],[139.647588,35.954032],[139.647602,35.954077],[139.647623,35.954139],[139.64763,35.954164],[139.647664,35.954255],[139.647678,35.954286],[139.647747,35.954435],[139.6478,35.954524],[139.647844,35.954605],[139.647853,35.954621],[139.647932,35.954763],[139.647958,35.954811],[139.64796,35.954815],[139.647988,35.954869],[139.648046,35.954977],[139.648171,35.955203],[139.648214,35.95528],[139.648323,35.955468],[139.648314,35.955473],[139.648347,35.955533],[139.648362,35.955561],[139.648399,35.955635],[139.648462,35.955777],[139.648512,35.955892],[139.64855,35.955977],[139.648602,35.956106],[139.648626,35.956195],[139.648639,35.956238],[139.648658,35.95628],[139.648727,35.956333],[139.648818,35.956438],[139.64886,35.956492],[139.6489,35.956542],[139.64891,35.956555],[139.648946,35.956615],[139.648977,35.956673],[139.649008,35.95674],[139.649069,35.956859],[139.649119,35.956959],[139.649131,35.956979],[139.649146,35.957005],[139.649169,35.957043],[139.649175,35.957056],[139.649202,35.957133],[139.649217,35.957178],[139.649232,35.957223],[139.649254,35.957297],[139.649264,35.95733],[139.64929,35.957414],[139.649305,35.957463],[139.649314,35.957495],[139.649338,35.957591],[139.649358,35.957675],[139.649385,35.957774],[139.649411,35.957862],[139.649423,35.957901],[139.649446,35.957992],[139.649454,35.958142],[139.649465,35.958263],[139.649471,35.958398],[139.649519,35.958503],[139.649455,35.95861],[139.649461,35.958629],[139.649497,35.958748],[139.64954,35.958849],[139.649544,35.958858],[139.649627,35.959042],[139.649653,35.959109],[139.649659,35.959124],[139.649688,35.959213],[139.649715,35.959324],[139.649731,35.959376],[139.649733,35.959401],[139.649739,35.95945],[139.649743,35.959472],[139.649772,35.959563],[139.64981,35.959734],[139.649838,35.959877],[139.649853,35.959952],[139.649873,35.960057],[139.649873,35.960079],[139.649881,35.960123],[139.649895,35.960215],[139.649905,35.960271],[139.649912,35.960304],[139.649917,35.960338],[139.649925,35.960398],[139.649932,35.960436],[139.649941,35.96049],[139.649957,35.960542],[139.649985,35.960635],[139.649968,35.960641],[139.649965,35.960658],[139.649959,35.960696],[139.649969,35.960738],[139.649977,35.960782],[139.649986,35.960818],[139.650115,35.961104],[139.650116,35.961107],[139.650135,35.961186],[139.650125,35.961188],[139.65014,35.961263],[139.650186,35.961487],[139.650114,35.961501],[139.650074,35.961507],[139.65004,35.961511],[139.649991,35.961515],[139.649946,35.961518],[139.649911,35.961522],[139.649867,35.961527],[139.649827,35.961533],[139.649774,35.961542],[139.649734,35.961548],[139.649686,35.961554],[139.649637,35.96156],[139.649585,35.961564],[139.649544,35.961565],[139.649515,35.961566],[139.64949,35.961566],[139.649456,35.961569],[139.649419,35.961573],[139.649384,35.961578],[139.649348,35.961586],[139.649277,35.9616],[139.649256,35.961604],[139.649197,35.961615],[139.649167,35.96162],[139.64912,35.961624],[139.64908,35.961624],[139.649052,35.96162],[139.64904,35.961615],[139.649036,35.961613],[139.649016,35.961603],[139.648991,35.961584],[139.648811,35.961666],[139.648805,35.961669],[139.648796,35.961747],[139.648795,35.961794],[139.648794,35.961813],[139.648788,35.961884],[139.648786,35.961906],[139.648793,35.96199],[139.648794,35.962047],[139.648794,35.962139],[139.648781,35.962254],[139.648795,35.962315],[139.648794,35.962462],[139.648846,35.962492],[139.648858,35.962497],[139.648914,35.96253],[139.648963,35.962564],[139.64899,35.962609],[139.648995,35.962653],[139.648991,35.962694],[139.648966,35.962769],[139.648914,35.96292],[139.648896,35.962976],[139.648888,35.963025],[139.648891,35.963074],[139.648924,35.963207],[139.648949,35.963313],[139.648969,35.963392],[139.649002,35.963453],[139.649036,35.963515],[139.649071,35.963577],[139.649105,35.96364],[139.649152,35.963724],[139.649189,35.96385],[139.649392,35.963831],[139.649515,35.963818],[139.649635,35.963791],[139.649749,35.96376],[139.649851,35.96372],[139.649957,35.963664],[139.650066,35.963602],[139.650208,35.963521],[139.650369,35.963425],[139.650479,35.96337],[139.650565,35.963345],[139.650674,35.963318],[139.650761,35.963304],[139.650871,35.963291],[139.651139,35.963297],[139.651424,35.963303],[139.652138,35.963314],[139.652258,35.963218],[139.652335,35.963172],[139.652403,35.96314],[139.652511,35.963103],[139.652584,35.963077],[139.652679,35.963066],[139.652701,35.963068],[139.65273,35.963069],[139.652777,35.963083],[139.652824,35.96311],[139.652883,35.963151],[139.652929,35.963191],[139.652984,35.963248],[139.653026,35.963297],[139.653046,35.96331],[139.653088,35.963315],[139.65318,35.963319],[139.653477,35.963319],[139.653452,35.963205],[139.653418,35.963039],[139.653377,35.96286],[139.653347,35.962772],[139.65332,35.962717],[139.653279,35.962651],[139.653246,35.962612],[139.653194,35.962547],[139.653167,35.962504],[139.653163,35.962499],[139.65314,35.962441],[139.653119,35.962382],[139.653105,35.962332],[139.653106,35.962293],[139.653119,35.962257],[139.653161,35.962221],[139.653231,35.962192],[139.653413,35.962113],[139.653507,35.962054],[139.653558,35.962022],[139.653606,35.961999],[139.653737,35.961989],[139.653806,35.96199],[139.653883,35.961997],[139.653939,35.962001],[139.65401,35.962044],[139.654013,35.962045],[139.65403,35.962055],[139.654061,35.962071],[139.654104,35.962094],[139.654148,35.96213],[139.654182,35.962191],[139.654237,35.962309],[139.654268,35.962457],[139.654276,35.962506],[139.654277,35.962517],[139.654277,35.96259],[139.654271,35.962652],[139.654255,35.962704],[139.654236,35.962768],[139.654214,35.962832],[139.654202,35.962906],[139.654196,35.962987],[139.654197,35.963082],[139.6542,35.963161],[139.654218,35.963213],[139.654235,35.963249],[139.654259,35.963287],[139.654313,35.963315],[139.654392,35.963318],[139.654629,35.963331],[139.654926,35.963337],[139.655125,35.963354],[139.655229,35.963368],[139.655304,35.963378],[139.65538,35.963412],[139.655537,35.963499],[139.655689,35.963576],[139.655826,35.963652],[139.655947,35.963714],[139.656026,35.963761],[139.656029,35.963764],[139.656188,35.963836],[139.656372,35.963897],[139.656517,35.963929],[139.656711,35.963945],[139.656916,35.963952],[139.657154,35.963968],[139.657379,35.963984],[139.657562,35.963993],[139.657752,35.963993],[139.657732,35.964019],[139.657755,35.96402],[139.657912,35.964026],[139.657916,35.964014],[139.658013,35.964029],[139.658169,35.964065],[139.658162,35.96417],[139.658161,35.964185],[139.658084,35.965216],[139.658036,35.965837],[139.657476,35.965841],[139.657458,35.965841],[139.657094,35.965844],[139.657061,35.965839],[139.657031,35.96583],[139.65691,35.965769],[139.65687,35.965749],[139.656791,35.96571],[139.656329,35.96548],[139.656316,35.965473],[139.656281,35.965459],[139.656162,35.965412],[139.655847,35.965295],[139.655739,35.965253],[139.655718,35.965245],[139.65563,35.965212],[139.655391,35.965121],[139.655321,35.965094],[139.65518,35.965046],[139.655151,35.965036],[139.654603,35.964915],[139.654586,35.964911],[139.654155,35.964815],[139.654077,35.964803],[139.654075,35.964994],[139.654056,35.96513],[139.65405,35.965173],[139.654043,35.96521],[139.653798,35.966421],[139.653789,35.966495],[139.653791,35.966585],[139.653648,35.967345],[139.653626,35.967424],[139.653576,35.967509],[139.653566,35.967537],[139.653534,35.967594],[139.653471,35.967686],[139.653457,35.967708],[139.653299,35.967906],[139.653212,35.967987],[139.653174,35.968028],[139.653251,35.968072],[139.653512,35.968218],[139.653889,35.968459],[139.653995,35.968577],[139.654209,35.96889],[139.654244,35.968995],[139.654111,35.969097],[139.654242,35.969194],[139.654241,35.969206],[139.654203,35.969685],[139.654311,35.96977],[139.654334,35.969789],[139.654352,35.969803],[139.656024,35.96927],[139.656024,35.969251],[139.656148,35.969213],[139.656245,35.96921],[139.656368,35.969212],[139.656646,35.969224],[139.656644,35.969244],[139.656635,35.969366],[139.656624,35.969567],[139.65662,35.969594],[139.656614,35.969629],[139.656555,35.970014],[139.656552,35.970034],[139.656579,35.97012],[139.656659,35.970227],[139.656661,35.97023],[139.656669,35.970243],[139.656866,35.970567],[139.656892,35.970596],[139.656914,35.970622],[139.657007,35.970731],[139.657053,35.970769],[139.657123,35.970817],[139.657379,35.970992],[139.657363,35.971087],[139.657347,35.971111],[139.657356,35.971139],[139.657355,35.971175],[139.657355,35.971206],[139.657354,35.971214],[139.657419,35.971337],[139.657455,35.971363],[139.657516,35.971387],[139.657551,35.971401],[139.657586,35.971415],[139.657592,35.971417],[139.65767,35.971443],[139.657708,35.971456],[139.65784,35.971499],[139.65788,35.971509],[139.657917,35.971517],[139.658106,35.971552],[139.658231,35.971576],[139.658318,35.971592],[139.658345,35.971596],[139.658461,35.97164],[139.658483,35.971649],[139.658511,35.971676],[139.658744,35.971826],[139.659095,35.972018],[139.659288,35.972117],[139.659314,35.972126],[139.659418,35.972159],[139.659564,35.972208],[139.659607,35.972222],[139.65964,35.972233],[139.659643,35.972257],[139.659651,35.972285],[139.659684,35.972343],[139.659725,35.972408],[139.659733,35.972417],[139.659769,35.972462],[139.659796,35.972502],[139.659824,35.972529],[139.659869,35.972559],[139.659887,35.972572],[139.659964,35.972619],[139.660016,35.97265],[139.660058,35.972677],[139.660234,35.972826],[139.660283,35.972867],[139.660302,35.972883],[139.660312,35.972891],[139.660361,35.972913],[139.660382,35.97292],[139.660427,35.972934],[139.660453,35.972942],[139.660461,35.972944],[139.660499,35.972956],[139.660522,35.972963],[139.660598,35.972985],[139.660625,35.972993],[139.660796,35.973043],[139.660866,35.973064],[139.660886,35.973069],[139.660931,35.973069],[139.66098,35.973063],[139.661011,35.973042],[139.661043,35.973067],[139.661167,35.973162],[139.661256,35.97323],[139.661354,35.973304],[139.661385,35.973326],[139.661548,35.973441],[139.661554,35.973446],[139.661657,35.973519],[139.661673,35.97353],[139.661994,35.97323],[139.662152,35.973084],[139.662487,35.972802],[139.662626,35.972919],[139.66275,35.973017],[139.663052,35.973231],[139.663063,35.973214],[139.663186,35.973034],[139.663407,35.972728],[139.663434,35.972704],[139.663481,35.972662],[139.663558,35.972627],[139.663775,35.972639],[139.664056,35.972689],[139.664086,35.972681],[139.664294,35.972442],[139.664785,35.972641],[139.66497,35.972822],[139.665049,35.972999],[139.665078,35.973124],[139.665158,35.973288],[139.665187,35.973315],[139.665256,35.973519],[139.665167,35.973575],[139.665156,35.97375],[139.665151,35.97377],[139.665144,35.973797],[139.665121,35.973883],[139.665107,35.973954],[139.665094,35.974006],[139.665104,35.974186],[139.665104,35.974193],[139.664556,35.974401],[139.664574,35.974418],[139.664605,35.974447],[139.664617,35.974457],[139.665739,35.975479],[139.665749,35.975473],[139.665814,35.975531],[139.665824,35.975541],[139.66589,35.9756],[139.665904,35.975613],[139.665906,35.975615],[139.665915,35.975622],[139.66685,35.974932],[139.666975,35.975043],[139.667668,35.975659],[139.667674,35.975664],[139.667685,35.975673],[139.667695,35.975682],[139.668773,35.974817],[139.66937,35.974337],[139.66941,35.97431],[139.669468,35.974277],[139.669497,35.974263],[139.669586,35.974239],[139.66963,35.974229],[139.669892,35.974183],[139.669895,35.974183],[139.670417,35.974092],[139.671179,35.973959],[139.671738,35.973859],[139.671821,35.97418],[139.671892,35.974445],[139.671912,35.974443],[139.671944,35.974564],[139.671947,35.974573],[139.67195,35.974585],[139.671955,35.974605],[139.671962,35.974632],[139.671964,35.97464],[139.67207,35.974592],[139.672222,35.974532],[139.672369,35.97478],[139.672506,35.975009],[139.67252,35.975004],[139.672534,35.975],[139.67254,35.974998],[139.672581,35.975018],[139.672597,35.975048],[139.672615,35.975085],[139.672637,35.975112],[139.672665,35.975146],[139.672668,35.975149],[139.672683,35.975181],[139.672734,35.975249],[139.672774,35.975278],[139.672802,35.975293],[139.67284,35.975315],[139.672885,35.975336],[139.672975,35.975376],[139.673039,35.975415],[139.673061,35.975428],[139.673086,35.975482],[139.67308,35.975511],[139.673016,35.975596],[139.672979,35.975645],[139.673085,35.975724],[139.673403,35.97596],[139.673429,35.975979],[139.673527,35.976053],[139.673671,35.976161],[139.673779,35.976053],[139.673967,35.975866],[139.674059,35.975765],[139.674342,35.975463],[139.674526,35.97527],[139.674736,35.975048],[139.67478,35.975014],[139.674837,35.974976],[139.674923,35.974919],[139.674983,35.974884],[139.675134,35.974797],[139.675242,35.974736],[139.675337,35.97469],[139.675468,35.974631],[139.675591,35.974585],[139.67574,35.974534],[139.675878,35.974487],[139.676006,35.974447],[139.676172,35.974398],[139.676296,35.974369],[139.67637,35.974357],[139.676461,35.974349],[139.676671,35.974342],[139.676762,35.974341],[139.67695,35.974346],[139.677094,35.974352],[139.677307,35.974363],[139.677414,35.974369],[139.677576,35.974403],[139.677758,35.974445],[139.677929,35.974487],[139.678056,35.974523],[139.678352,35.974598],[139.678589,35.97466],[139.678883,35.974728],[139.679149,35.974792],[139.679286,35.974828],[139.679491,35.97488],[139.679625,35.974901],[139.679846,35.974943],[139.680119,35.974993],[139.680252,35.97502],[139.68032,35.975032],[139.680541,35.975065],[139.680892,35.975115],[139.681234,35.975168],[139.681631,35.975236],[139.681775,35.975274],[139.682012,35.975337],[139.68215,35.975377],[139.682386,35.975441],[139.682719,35.97553],[139.683179,35.975588],[139.683469,35.975625],[139.683628,35.975641],[139.683783,35.97566],[139.683924,35.975668],[139.684135,35.975676],[139.684627,35.975686],[139.684969,35.97569],[139.685188,35.975681],[139.685408,35.975674],[139.685584,35.975675],[139.685751,35.975672],[139.68592,35.975673],[139.686097,35.975673],[139.686251,35.975669],[139.686441,35.975656],[139.68661,35.975641],[139.686826,35.975618],[139.687078,35.975586],[139.687297,35.975555],[139.687478,35.975531],[139.68768,35.975499],[139.687857,35.975467],[139.688012,35.975434],[139.688155,35.9754],[139.688808,35.975244],[139.689601,35.975131],[139.691024,35.974886],[139.691721,35.974762],[139.692489,35.974585],[139.692525,35.974576],[139.692539,35.974573],[139.693592,35.974314],[139.69391,35.974222],[139.694201,35.974127],[139.694442,35.974006],[139.694621,35.973906],[139.694638,35.973984],[139.694637,35.974019],[139.694625,35.974093],[139.694619,35.97412],[139.694594,35.974227],[139.694585,35.974267],[139.694485,35.974513],[139.694448,35.974579],[139.694431,35.97461],[139.694351,35.974752],[139.694304,35.974804],[139.694231,35.974887],[139.694133,35.974981],[139.693943,35.975136],[139.693788,35.975245],[139.693632,35.975352],[139.693542,35.975404],[139.693202,35.975564],[139.692546,35.975859],[139.692029,35.976075],[139.69191,35.976123],[139.691765,35.976144],[139.691528,35.976161],[139.691075,35.976234],[139.690584,35.976342],[139.689996,35.976463],[139.689826,35.976502],[139.689554,35.976564],[139.689225,35.976638],[139.689207,35.976641],[139.689068,35.97666],[139.688959,35.976666],[139.688892,35.976669],[139.688738,35.976692],[139.688619,35.976723],[139.68857,35.976739],[139.688489,35.976771],[139.688507,35.976832],[139.6882,35.976924],[139.688152,35.976937],[139.688132,35.976942],[139.688117,35.976946],[139.688078,35.976937],[139.687956,35.976928],[139.687796,35.976916],[139.687655,35.976883],[139.687651,35.976882],[139.687566,35.97686],[139.687542,35.976854],[139.68745,35.976832],[139.687405,35.976837],[139.68736,35.976841],[139.6873,35.976877],[139.687277,35.976889],[139.687237,35.976909],[139.687206,35.976956],[139.687112,35.977075],[139.687097,35.977096],[139.687076,35.977126],[139.687066,35.977138],[139.687025,35.977188],[139.686995,35.97725],[139.686978,35.977295],[139.686939,35.977377],[139.686927,35.97748],[139.686922,35.977509],[139.686915,35.977555],[139.686924,35.977622],[139.686933,35.977656],[139.686979,35.977667],[139.686972,35.977753],[139.686975,35.977799],[139.686978,35.977853],[139.686982,35.977873],[139.686993,35.977921],[139.687021,35.978036],[139.687043,35.978128],[139.687044,35.978185],[139.687035,35.978257],[139.687007,35.978337],[139.686976,35.978417],[139.686935,35.978517],[139.68689,35.978629],[139.686877,35.978659],[139.686856,35.978757],[139.686838,35.978848],[139.686841,35.978888],[139.686864,35.978962],[139.6869,35.979084],[139.686963,35.979289],[139.687007,35.979437],[139.68704,35.979557],[139.687056,35.979635],[139.687084,35.979777],[139.68711,35.979871],[139.687142,35.979942],[139.687192,35.980022],[139.687241,35.980094],[139.687302,35.980161],[139.687332,35.980192],[139.687412,35.980279],[139.687491,35.980369],[139.687576,35.980458],[139.687629,35.980539],[139.687658,35.980577],[139.687711,35.980671],[139.687735,35.980738],[139.68774,35.980832],[139.687744,35.980903],[139.687744,35.981005],[139.687756,35.981093],[139.687774,35.981187],[139.6878,35.981275],[139.687827,35.98134],[139.687861,35.981399],[139.687891,35.98143],[139.687908,35.981455],[139.68793,35.981478],[139.687957,35.981506],[139.688038,35.98157],[139.688143,35.98166],[139.688234,35.981737],[139.688249,35.981754],[139.688274,35.981795],[139.688319,35.981859],[139.688385,35.981976],[139.688456,35.982108],[139.6885,35.982185],[139.68854,35.982256],[139.688616,35.982356],[139.688647,35.982378],[139.688703,35.982416],[139.68877,35.982463],[139.688854,35.982512],[139.688917,35.982549],[139.68896,35.982569],[139.689042,35.982606],[139.689084,35.982632],[139.689177,35.982683],[139.689263,35.982773],[139.689337,35.982857],[139.689393,35.98292],[139.689428,35.982973],[139.689441,35.982994],[139.689462,35.983225],[139.689479,35.983277],[139.689486,35.983293],[139.689567,35.983437],[139.689567,35.983448],[139.689563,35.983527],[139.689579,35.983621],[139.689657,35.983722],[139.68977,35.983837],[139.689957,35.983949],[139.690177,35.984082],[139.690517,35.98428],[139.69072,35.984395],[139.690853,35.984479],[139.690926,35.984568],[139.691004,35.984734],[139.691096,35.984924],[139.691232,35.98515],[139.691344,35.985323],[139.69149,35.985499],[139.692083,35.98607],[139.692138,35.986133],[139.692193,35.986207],[139.69226,35.986311],[139.692288,35.986352],[139.692302,35.986374],[139.692208,35.986427],[139.692281,35.986573],[139.692377,35.986764],[139.692406,35.98682],[139.692444,35.98689],[139.692471,35.986942],[139.69254,35.987065],[139.692581,35.987146],[139.692593,35.987169],[139.692665,35.987311],[139.692689,35.987358],[139.692735,35.987459],[139.69277,35.987526],[139.692795,35.987575],[139.692956,35.987887],[139.692964,35.987904],[139.693043,35.988068],[139.693118,35.988045],[139.693245,35.988004],[139.69334,35.987971],[139.693435,35.987936],[139.693689,35.987852],[139.693783,35.987823],[139.693804,35.987816],[139.693838,35.987879],[139.693843,35.987888],[139.693931,35.988037],[139.693947,35.988066],[139.693974,35.988107],[139.694002,35.988146],[139.694048,35.988209],[139.694088,35.988266],[139.694122,35.988307],[139.694165,35.988361],[139.694283,35.988509],[139.694302,35.988527],[139.694325,35.988548],[139.694394,35.988612],[139.694471,35.988699],[139.694554,35.988812],[139.694567,35.988833],[139.694579,35.988853],[139.694599,35.98892],[139.694603,35.988954],[139.694602,35.989073],[139.694602,35.989081],[139.694598,35.989102],[139.694596,35.989114],[139.694521,35.989117],[139.694503,35.989153],[139.694467,35.989234],[139.694437,35.989305],[139.694385,35.989442],[139.694358,35.989543],[139.694357,35.989571],[139.694355,35.989626],[139.694363,35.989655],[139.694374,35.989687],[139.694392,35.989735],[139.694394,35.989738],[139.69445,35.98981],[139.694471,35.98983],[139.6945,35.989857],[139.694552,35.989902],[139.694704,35.990003],[139.694831,35.990106],[139.694876,35.990146],[139.694881,35.99015],[139.694908,35.990181],[139.694916,35.990191],[139.694948,35.990229],[139.694957,35.990239],[139.694998,35.990288],[139.695057,35.990357],[139.695155,35.990469],[139.695179,35.990515],[139.695201,35.990575],[139.695225,35.990635],[139.695283,35.990784],[139.695302,35.990817],[139.695309,35.990829],[139.695317,35.990843],[139.695424,35.990981],[139.695453,35.991032],[139.695466,35.991075],[139.695482,35.991131],[139.69551,35.991217],[139.695522,35.991247],[139.695546,35.991306],[139.695565,35.991374],[139.695569,35.991403],[139.695569,35.991422],[139.695567,35.991467],[139.695553,35.991517],[139.695537,35.991576],[139.69553,35.991605],[139.695509,35.991672],[139.6955,35.991698],[139.695478,35.991731],[139.695448,35.991771],[139.695406,35.991832],[139.695317,35.991961],[139.695253,35.992109],[139.69524,35.992125],[139.695219,35.992159],[139.695205,35.992181],[139.695196,35.992196],[139.695186,35.992212],[139.69516,35.992273],[139.695151,35.992301],[139.695139,35.992335],[139.695126,35.992396],[139.695125,35.992481],[139.695123,35.992494],[139.69512,35.992514],[139.695111,35.992581],[139.695055,35.992672],[139.695029,35.992704],[139.694802,35.992891],[139.694788,35.992902],[139.694647,35.993018],[139.694559,35.993137],[139.694465,35.993285],[139.694456,35.993298],[139.694402,35.993383],[139.694349,35.993644],[139.694347,35.993655],[139.694346,35.993661],[139.694324,35.993767],[139.694305,35.993958],[139.694298,35.994146],[139.694296,35.994175],[139.694306,35.994361],[139.694298,35.994385],[139.694274,35.994415],[139.694169,35.994478],[139.694035,35.994585],[139.694033,35.994588],[139.694004,35.994624],[139.693973,35.994668],[139.693942,35.994722],[139.693873,35.994893],[139.693835,35.994922],[139.693818,35.994922],[139.693801,35.994922],[139.693787,35.995],[139.693558,35.995497],[139.693452,35.995641],[139.693434,35.995675],[139.69346,35.995689],[139.692983,35.996617],[139.692974,35.996634],[139.692628,35.997307],[139.692591,35.99738],[139.692579,35.997402],[139.692862,35.997508],[139.692737,35.997707],[139.692315,35.998378],[139.691781,35.999242],[139.692822,35.999669],[139.692375,36.000411],[139.692327,36.00049],[139.692139,36.000806],[139.692041,36.000971],[139.691991,36.001054],[139.691946,36.001129],[139.691843,36.001301],[139.691095,36.00099],[139.691073,36.001025],[139.69106,36.001046],[139.690806,36.001448],[139.690796,36.001464],[139.690543,36.001865],[139.690532,36.001883],[139.691763,36.002396],[139.691773,36.002379],[139.692026,36.001971],[139.692037,36.001954],[139.692285,36.001553],[139.692298,36.001532],[139.692318,36.0015],[139.692328,36.001504],[139.692354,36.001515],[139.69247,36.001563],[139.692489,36.00157],[139.692555,36.001598],[139.692594,36.001614],[139.692728,36.001709],[139.692851,36.001796],[139.693144,36.002002],[139.69316,36.002013],[139.693432,36.002204],[139.693579,36.002307],[139.693814,36.002473],[139.693829,36.002483],[139.693847,36.002471],[139.694001,36.002366],[139.694065,36.002322],[139.6941,36.002298],[139.694171,36.002249],[139.694252,36.002194],[139.694287,36.00217],[139.69434,36.002134],[139.694479,36.002038],[139.694513,36.002015],[139.69461,36.001949],[139.694667,36.00191]],[[139.547884,35.934294],[139.547864,35.934294],[139.547429,35.934303],[139.547158,35.93431],[139.547118,35.934303],[139.547089,35.934292],[139.547027,35.934267],[139.546928,35.934197],[139.546876,35.934157],[139.546776,35.934069],[139.546667,35.934005],[139.546421,35.933906],[139.546288,35.933849],[139.546132,35.933753],[139.546017,35.933684],[139.545961,35.933645],[139.545901,35.933609],[139.545735,35.93353],[139.545674,35.93351],[139.545584,35.933494],[139.545587,35.933466],[139.545545,35.933456],[139.545267,35.933305],[139.545165,35.933252],[139.545036,35.933178],[139.544898,35.933098],[139.544752,35.933009],[139.544617,35.932962],[139.544463,35.932893],[139.544289,35.932801],[139.544164,35.932729],[139.543999,35.932646],[139.543806,35.932548],[139.543662,35.932456],[139.543559,35.932497],[139.543442,35.932544],[139.543379,35.932597],[139.543312,35.932664],[139.543259,35.932754],[139.543201,35.932873],[139.543159,35.932992],[139.543082,35.93315],[139.543014,35.933216],[139.542881,35.933332],[139.542761,35.933455],[139.542634,35.933562],[139.542349,35.933602],[139.542089,35.933624],[139.542106,35.933732],[139.54212,35.93388],[139.541945,35.933995],[139.541939,35.933999],[139.541759,35.934112],[139.541539,35.934247],[139.541311,35.934386],[139.541143,35.934457],[139.540931,35.934546],[139.540768,35.934617],[139.54056,35.934713],[139.540328,35.934811],[139.540122,35.934897],[139.540238,35.935002],[139.540375,35.935112],[139.540516,35.935235],[139.540525,35.935243],[139.540671,35.935369],[139.540801,35.935478],[139.540964,35.935613],[139.541076,35.935702],[139.541198,35.935816],[139.541317,35.935916],[139.541417,35.935995],[139.542271,35.936698],[139.54268,35.937038],[139.543644,35.937805],[139.543795,35.937698],[139.543922,35.937594],[139.544058,35.937489],[139.544169,35.937391],[139.544318,35.937286],[139.544437,35.93719],[139.544576,35.93708],[139.544696,35.936983],[139.544834,35.936875],[139.544998,35.936744],[139.545115,35.936647],[139.545255,35.93653],[139.545258,35.936528],[139.54537,35.936432],[139.545467,35.936344],[139.545556,35.936263],[139.545779,35.936047],[139.545783,35.936043],[139.54579,35.936042],[139.545794,35.936042],[139.546573,35.935384],[139.54658,35.935378],[139.546616,35.935349],[139.546701,35.93528],[139.547097,35.934962],[139.547151,35.934918],[139.547388,35.934727],[139.547433,35.93469],[139.547454,35.934666],[139.547495,35.934627],[139.547525,35.9346],[139.547841,35.934331],[139.547884,35.934294]]]}}]}